15:20:05.750 [main] ERROR userUtilities.HistoryRecord - Wrong array size provided to HistoryRecord constructor.
Expected: 8
Got: 2
15:26:17.629 [main] ERROR userUtilities.GoalRecord - Wrong array size provided to HistoryRecord constructor.
Expected: 7
Got: 3
15:28:17.238 [main] ERROR userUtilities.HistoryRecord - Wrong array size provided to HistoryRecord constructor.
Array provided: [aaaa, jebac orzecha]
Expected length: 8
Got: 2
15:29:33.380 [main] ERROR userUtilities.GoalRecord - Wrong array size provided to HistoryRecord constructor.
Array provided: [aaaa, fkea, faa]
Expected length: 8
Got: 3
15:32:20.283 [main] ERROR userUtilities.HistoryRecord - Wrong array size provided to HistoryRecord constructor.
Array provided: [test, chuj ci w dupe]
Expected length: 6
Got: 2
15:32:51.555 [main] ERROR userUtilities.UserRecord - Wrong array size provided to UserRecord constructor.
Array provided: [test, chuj ci w dupe]
Expected length: 6
Got: 2
00:02:47.187 [main] ERROR userUtilities.GoalRecord - Wrong array size provided to HistoryRecord constructor.
Array provided: [1, 1, orzech, 42069, 213700, to, 1706054308000]
Expected length: 7
Got: 7
00:37:41.194 [main] WARN  userUtilities.LocalUser - None of the users from userRecords have matching passwords.
Searched password: aaaaa
00:38:32.730 [main] WARN  userUtilities.LocalUser - None of the users from userRecords have matching passwords.
Searched password: aaaaa
00:40:00.095 [main] ERROR userUtilities.LocalUser - pushNewAccountToDB - credential error - title: na dziadka do orzechów | currency:  cbln
00:40:00.113 [main] ERROR databaseAccess.DBGetData - Couldn't execute query `SELECT ValBefore FROM accounts WHERE AccID='4'`. Returning an empty optional.
SQL state: null
SQLException message: [SQLITE_ERROR] SQL error or missing database (no such column: ValBefore)
Stack trace: [Ljava.lang.StackTraceElement;@7eecb5b8
00:40:00.118 [main] ERROR userUtilities.LocalUser - pushNewHistoryToDB - couldn't reach valBefore
credentials: accID: 4 userID: 3
00:44:04.934 [main] ERROR databaseAccess.DBGetData - Couldn't execute query `SELECT ValBefore FROM accounts WHERE AccID='4'`. Returning an empty optional.
SQL state: null
SQLException message: [SQLITE_ERROR] SQL error or missing database (no such column: ValBefore)
Stack trace: [Ljava.lang.StackTraceElement;@50378a4
00:44:04.946 [main] ERROR userUtilities.LocalUser - pushNewHistoryToDB - couldn't reach valBefore
credentials: accID: 4 userID: 3
00:49:29.110 [main] ERROR databaseAccess.DBGetData - Couldn't execute query `SELECT ValBefore FROM accounts WHERE AccID='1'`. Returning an empty optional.
SQL state: null
SQLException message: [SQLITE_ERROR] SQL error or missing database (no such column: ValBefore)
Stack trace: [Ljava.lang.StackTraceElement;@60f00693
00:49:29.120 [main] ERROR userUtilities.LocalUser - pushNewHistoryToDB - couldn't reach valBefore
credentials: accID: 1 userID: 1
20:08:43.437 [AWT-EventQueue-0] WARN  userUtilities.LocalUser - DBGetData.getUserRows(faa) returned an empty optional.
Passed username: faa
20:10:42.347 [AWT-EventQueue-0] WARN  userUtilities.LocalUser - DBGetData.getUserRows(fbhajb) returned an empty optional.
Passed username: fbhajb
20:10:42.353 [AWT-EventQueue-0] WARN  userUtilities.LocalUser - logIn - invalid credentials, empty user
20:11:09.970 [AWT-EventQueue-0] WARN  userUtilities.LocalUser - DBGetData.getUserRows(fbhajb) returned an empty optional.
Passed username: fbhajb
20:11:09.970 [AWT-EventQueue-0] WARN  userUtilities.LocalUser - logIn - invalid credentials, empty user
20:38:12.286 [AWT-EventQueue-0] INFO  databaseAccess.DBConnection - DBConnection - connection set
20:38:12.300 [AWT-EventQueue-0] INFO  databaseAccess.DBConnection - DBConnection - connection closed
20:38:12.303 [AWT-EventQueue-0] INFO  databaseAccess.DBConnection - DBConnection - connection set
20:38:12.308 [AWT-EventQueue-0] INFO  databaseAccess.DBConnection - DBConnection - connection closed
20:38:12.310 [AWT-EventQueue-0] INFO  databaseAccess.DBConnection - DBConnection - connection set
20:38:12.313 [AWT-EventQueue-0] INFO  databaseAccess.DBConnection - DBConnection - connection closed
20:38:12.315 [AWT-EventQueue-0] INFO  databaseAccess.DBConnection - DBConnection - connection set
20:38:12.318 [AWT-EventQueue-0] INFO  databaseAccess.DBConnection - DBConnection - connection closed
20:44:59.713 [AWT-EventQueue-0] INFO  databaseAccess.DBConnection - DBConnection - connection set
20:44:59.724 [AWT-EventQueue-0] INFO  databaseAccess.DBConnection - DBConnection - connection closed
20:44:59.727 [AWT-EventQueue-0] INFO  databaseAccess.DBConnection - DBConnection - connection set
20:44:59.731 [AWT-EventQueue-0] INFO  databaseAccess.DBConnection - DBConnection - connection closed
20:44:59.732 [AWT-EventQueue-0] INFO  databaseAccess.DBConnection - DBConnection - connection set
20:44:59.735 [AWT-EventQueue-0] INFO  databaseAccess.DBConnection - DBConnection - connection closed
20:44:59.736 [AWT-EventQueue-0] INFO  databaseAccess.DBConnection - DBConnection - connection set
20:44:59.739 [AWT-EventQueue-0] INFO  databaseAccess.DBConnection - DBConnection - connection closed
20:44:59.748 [AWT-EventQueue-0] INFO  userUtilities.LocalUser - New user loggged in.
User ID: 1
Username: aaaaa
Accounts List size: 4
Goals List size: 3
History List size: 1
20:55:17.694 [AWT-EventQueue-0] INFO  databaseAccess.DBConnection - DBConnection - connection set
20:55:17.708 [AWT-EventQueue-0] WARN  userUtilities.LocalUser - DBGetData.getUserRows(fbaajb) returned an empty optional.
Passed username: fbaajb
20:55:17.710 [AWT-EventQueue-0] WARN  userUtilities.LocalUser - logIn - invalid credentials, empty user
20:55:17.710 [AWT-EventQueue-0] INFO  graphicInterface.LogInWindow - Unsuccessful login attempt.
Username: fbaajb
Password: 
20:55:41.965 [AWT-EventQueue-0] INFO  databaseAccess.DBConnection - DBConnection - connection closed
20:55:41.967 [AWT-EventQueue-0] INFO  databaseAccess.DBConnection - DBConnection - connection set
20:55:41.971 [AWT-EventQueue-0] INFO  databaseAccess.DBConnection - DBConnection - connection closed
20:55:41.973 [AWT-EventQueue-0] INFO  databaseAccess.DBConnection - DBConnection - connection set
20:55:41.977 [AWT-EventQueue-0] INFO  databaseAccess.DBConnection - DBConnection - connection closed
20:55:41.978 [AWT-EventQueue-0] INFO  databaseAccess.DBConnection - DBConnection - connection set
20:55:41.981 [AWT-EventQueue-0] INFO  databaseAccess.DBConnection - DBConnection - connection closed
20:55:41.990 [AWT-EventQueue-0] INFO  userUtilities.LocalUser - New user logged in.
User ID: 1
Username: aaaaa
Accounts List size: 4
Goals List size: 3
History List size: 1
21:29:53.890 [AWT-EventQueue-0] INFO  databaseAccess.DBConnection - DBConnection - connection set
22:13:15.329 [AWT-EventQueue-0] INFO  databaseAccess.DBConnection - DBConnection - connection set
22:13:15.358 [AWT-EventQueue-0] INFO  databaseAccess.DBConnection - DBConnection - connection closed
22:13:15.361 [AWT-EventQueue-0] INFO  databaseAccess.DBConnection - DBConnection - connection set
22:13:15.366 [AWT-EventQueue-0] INFO  databaseAccess.DBConnection - DBConnection - connection closed
22:13:15.369 [AWT-EventQueue-0] INFO  databaseAccess.DBConnection - DBConnection - connection set
22:13:15.370 [AWT-EventQueue-0] INFO  databaseAccess.DBConnection - DBConnection - connection closed
22:13:15.373 [AWT-EventQueue-0] INFO  databaseAccess.DBConnection - DBConnection - connection set
22:13:15.374 [AWT-EventQueue-0] INFO  databaseAccess.DBConnection - DBConnection - connection closed
22:13:15.377 [AWT-EventQueue-0] INFO  databaseAccess.DBConnection - DBConnection - connection set
22:13:15.378 [AWT-EventQueue-0] INFO  databaseAccess.DBConnection - DBConnection - connection closed
22:13:15.388 [AWT-EventQueue-0] INFO  userUtilities.LocalUser - New user logged in.
User ID: 4
Username: bbbbb
Accounts List size: 0
Goals List size: 0
History List size: 0
22:13:15.390 [AWT-EventQueue-0] INFO  databaseAccess.DBConnection - DBConnection - connection set
22:13:15.396 [AWT-EventQueue-0] INFO  databaseAccess.DBConnection - DBConnection - connection closed
22:13:15.398 [AWT-EventQueue-0] INFO  databaseAccess.DBConnection - DBConnection - connection set
22:13:15.400 [AWT-EventQueue-0] INFO  databaseAccess.DBConnection - DBConnection - connection closed
22:13:15.402 [AWT-EventQueue-0] INFO  databaseAccess.DBConnection - DBConnection - connection set
22:13:15.409 [AWT-EventQueue-0] INFO  databaseAccess.DBConnection - DBConnection - connection closed
22:13:15.416 [AWT-EventQueue-0] INFO  userUtilities.LocalUser - Registered new user.
User ID: 4
Username: bbbbb
Password: bbbbbb
Email: bb@bbb.bb
Phone: 641145441
Main Account ID: 10
22:15:02.416 [AWT-EventQueue-0] INFO  databaseAccess.DBConnection - DBConnection - connection set
22:17:53.886 [AWT-EventQueue-0] INFO  databaseAccess.DBConnection - DBConnection - connection set
22:17:53.918 [AWT-EventQueue-0] INFO  databaseAccess.DBConnection - DBConnection - connection closed
22:17:53.922 [AWT-EventQueue-0] INFO  databaseAccess.DBConnection - DBConnection - connection set
22:17:53.927 [AWT-EventQueue-0] INFO  databaseAccess.DBConnection - DBConnection - connection closed
22:17:53.930 [AWT-EventQueue-0] INFO  databaseAccess.DBConnection - DBConnection - connection set
22:17:53.932 [AWT-EventQueue-0] INFO  databaseAccess.DBConnection - DBConnection - connection closed
22:17:53.934 [AWT-EventQueue-0] INFO  databaseAccess.DBConnection - DBConnection - connection set
22:17:53.936 [AWT-EventQueue-0] INFO  databaseAccess.DBConnection - DBConnection - connection closed
22:17:53.938 [AWT-EventQueue-0] INFO  databaseAccess.DBConnection - DBConnection - connection set
22:17:53.940 [AWT-EventQueue-0] INFO  databaseAccess.DBConnection - DBConnection - connection closed
22:17:53.951 [AWT-EventQueue-0] INFO  userUtilities.LocalUser - New user logged in.
User ID: 5
Username: bhgbvjhgjhgvjhvhg
Accounts List size: 0
Goals List size: 0
History List size: 0
22:17:53.953 [AWT-EventQueue-0] INFO  databaseAccess.DBConnection - DBConnection - connection set
22:17:53.960 [AWT-EventQueue-0] INFO  databaseAccess.DBConnection - DBConnection - connection closed
22:17:53.962 [AWT-EventQueue-0] INFO  databaseAccess.DBConnection - DBConnection - connection set
22:17:53.964 [AWT-EventQueue-0] INFO  databaseAccess.DBConnection - DBConnection - connection closed
22:17:53.965 [AWT-EventQueue-0] INFO  databaseAccess.DBConnection - DBConnection - connection set
22:17:53.972 [AWT-EventQueue-0] INFO  databaseAccess.DBConnection - DBConnection - connection closed
22:17:53.981 [AWT-EventQueue-0] INFO  userUtilities.LocalUser - Registered new user.
User ID: 5
Username: bhgbvjhgjhgvjhvhg
Password: hbvhjvkhvvbhvkjuhbkhufvkjg
Email: kijfejsnkjfebjikesfbkjn
Phone: jbfsjbfjsbek
Main Account ID: 11
13:06:34.084 [AWT-EventQueue-0] WARN  userUtilities.LocalUser - DBGetData.getUserRows() returned an empty optional.
Passed username: 
13:06:34.090 [AWT-EventQueue-0] WARN  userUtilities.LocalUser - logIn - invalid credentials, empty user
13:06:34.091 [AWT-EventQueue-0] INFO  graphicInterface.LogInWindow - Unsuccessful login attempt.
Username: 
Password: 
13:11:31.605 [AWT-EventQueue-0] WARN  userUtilities.LocalUser - DBGetData.getUserRows() returned an empty optional.
Passed username: 
13:11:31.610 [AWT-EventQueue-0] WARN  userUtilities.LocalUser - logIn - invalid credentials, empty user
13:11:31.611 [AWT-EventQueue-0] INFO  graphicInterface.LogInWindow - Unsuccessful login attempt.
Username: 
Password: 
19:09:49.777 [AWT-EventQueue-0] INFO  databaseAccess.DBConnection - DBConnection - connection set
19:09:49.790 [AWT-EventQueue-0] INFO  databaseAccess.DBConnection - DBConnection - connection closed
19:09:49.794 [AWT-EventQueue-0] INFO  databaseAccess.DBConnection - DBConnection - connection set
19:09:49.798 [AWT-EventQueue-0] INFO  databaseAccess.DBConnection - DBConnection - connection closed
19:09:49.800 [AWT-EventQueue-0] INFO  databaseAccess.DBConnection - DBConnection - connection set
19:09:49.803 [AWT-EventQueue-0] INFO  databaseAccess.DBConnection - DBConnection - connection closed
19:09:49.804 [AWT-EventQueue-0] INFO  databaseAccess.DBConnection - DBConnection - connection set
19:09:49.808 [AWT-EventQueue-0] INFO  databaseAccess.DBConnection - DBConnection - connection closed
19:09:49.817 [AWT-EventQueue-0] INFO  userUtilities.LocalUser - New user logged in.
User ID: 1
Username: aaaaa
Accounts List size: 4
Goals List size: 3
History List size: 1
19:13:08.065 [AWT-EventQueue-0] INFO  databaseAccess.DBConnection - DBConnection - connection set
19:13:08.079 [AWT-EventQueue-0] INFO  databaseAccess.DBConnection - DBConnection - connection closed
19:13:08.083 [AWT-EventQueue-0] INFO  databaseAccess.DBConnection - DBConnection - connection set
19:13:08.088 [AWT-EventQueue-0] INFO  databaseAccess.DBConnection - DBConnection - connection closed
19:13:08.089 [AWT-EventQueue-0] INFO  databaseAccess.DBConnection - DBConnection - connection set
19:13:08.093 [AWT-EventQueue-0] INFO  databaseAccess.DBConnection - DBConnection - connection closed
19:13:08.094 [AWT-EventQueue-0] INFO  databaseAccess.DBConnection - DBConnection - connection set
19:13:08.098 [AWT-EventQueue-0] INFO  databaseAccess.DBConnection - DBConnection - connection closed
19:13:08.108 [AWT-EventQueue-0] INFO  userUtilities.LocalUser - New user logged in.
User ID: 1
Username: aaaaa
Accounts List size: 4
Goals List size: 3
History List size: 1
19:17:23.613 [AWT-EventQueue-0] INFO  databaseAccess.DBConnection - DBConnection - connection set
19:17:23.622 [AWT-EventQueue-0] INFO  databaseAccess.DBConnection - DBConnection - connection closed
19:17:23.625 [AWT-EventQueue-0] INFO  databaseAccess.DBConnection - DBConnection - connection set
19:17:23.629 [AWT-EventQueue-0] INFO  databaseAccess.DBConnection - DBConnection - connection closed
19:17:23.630 [AWT-EventQueue-0] INFO  databaseAccess.DBConnection - DBConnection - connection set
19:17:23.632 [AWT-EventQueue-0] INFO  databaseAccess.DBConnection - DBConnection - connection closed
19:17:23.634 [AWT-EventQueue-0] INFO  databaseAccess.DBConnection - DBConnection - connection set
19:17:23.636 [AWT-EventQueue-0] INFO  databaseAccess.DBConnection - DBConnection - connection closed
19:17:23.643 [AWT-EventQueue-0] INFO  userUtilities.LocalUser - New user logged in.
User ID: 1
Username: aaaaa
Accounts List size: 4
Goals List size: 3
History List size: 1
19:26:47.725 [AWT-EventQueue-0] INFO  databaseAccess.DBConnection - DBConnection - connection set
19:26:47.733 [AWT-EventQueue-0] INFO  databaseAccess.DBConnection - DBConnection - connection closed
19:26:47.735 [AWT-EventQueue-0] INFO  databaseAccess.DBConnection - DBConnection - connection set
19:26:47.738 [AWT-EventQueue-0] INFO  databaseAccess.DBConnection - DBConnection - connection closed
19:26:47.739 [AWT-EventQueue-0] INFO  databaseAccess.DBConnection - DBConnection - connection set
19:26:47.741 [AWT-EventQueue-0] INFO  databaseAccess.DBConnection - DBConnection - connection closed
19:26:47.743 [AWT-EventQueue-0] INFO  databaseAccess.DBConnection - DBConnection - connection set
19:26:47.745 [AWT-EventQueue-0] INFO  databaseAccess.DBConnection - DBConnection - connection closed
19:26:47.753 [AWT-EventQueue-0] INFO  userUtilities.LocalUser - New user logged in.
User ID: 1
Username: aaaaa
Accounts List size: 4
Goals List size: 3
History List size: 1
19:34:48.077 [AWT-EventQueue-0] INFO  databaseAccess.DBConnection - DBConnection - connection set
19:34:48.092 [AWT-EventQueue-0] INFO  databaseAccess.DBConnection - DBConnection - connection closed
19:34:48.095 [AWT-EventQueue-0] INFO  databaseAccess.DBConnection - DBConnection - connection set
19:34:48.100 [AWT-EventQueue-0] INFO  databaseAccess.DBConnection - DBConnection - connection closed
19:34:48.102 [AWT-EventQueue-0] INFO  databaseAccess.DBConnection - DBConnection - connection set
19:34:48.105 [AWT-EventQueue-0] INFO  databaseAccess.DBConnection - DBConnection - connection closed
19:34:48.107 [AWT-EventQueue-0] INFO  databaseAccess.DBConnection - DBConnection - connection set
19:34:48.110 [AWT-EventQueue-0] INFO  databaseAccess.DBConnection - DBConnection - connection closed
19:34:48.120 [AWT-EventQueue-0] INFO  userUtilities.LocalUser - New user logged in.
User ID: 1
Username: aaaaa
Accounts List size: 4
Goals List size: 3
History List size: 1
19:38:56.450 [AWT-EventQueue-0] INFO  databaseAccess.DBConnection - DBConnection - connection set
19:38:56.460 [AWT-EventQueue-0] INFO  databaseAccess.DBConnection - DBConnection - connection closed
19:38:56.462 [AWT-EventQueue-0] INFO  databaseAccess.DBConnection - DBConnection - connection set
19:38:56.466 [AWT-EventQueue-0] INFO  databaseAccess.DBConnection - DBConnection - connection closed
19:38:56.467 [AWT-EventQueue-0] INFO  databaseAccess.DBConnection - DBConnection - connection set
19:38:56.470 [AWT-EventQueue-0] INFO  databaseAccess.DBConnection - DBConnection - connection closed
19:38:56.471 [AWT-EventQueue-0] INFO  databaseAccess.DBConnection - DBConnection - connection set
19:38:56.473 [AWT-EventQueue-0] INFO  databaseAccess.DBConnection - DBConnection - connection closed
19:38:56.483 [AWT-EventQueue-0] INFO  userUtilities.LocalUser - New user logged in.
User ID: 1
Username: aaaaa
Accounts List size: 4
Goals List size: 3
History List size: 1
19:40:47.528 [AWT-EventQueue-0] INFO  databaseAccess.DBConnection - DBConnection - connection set
19:40:47.538 [AWT-EventQueue-0] INFO  databaseAccess.DBConnection - DBConnection - connection closed
19:40:47.541 [AWT-EventQueue-0] INFO  databaseAccess.DBConnection - DBConnection - connection set
19:40:47.545 [AWT-EventQueue-0] INFO  databaseAccess.DBConnection - DBConnection - connection closed
19:40:47.546 [AWT-EventQueue-0] INFO  databaseAccess.DBConnection - DBConnection - connection set
19:40:47.548 [AWT-EventQueue-0] INFO  databaseAccess.DBConnection - DBConnection - connection closed
19:40:47.550 [AWT-EventQueue-0] INFO  databaseAccess.DBConnection - DBConnection - connection set
19:40:47.552 [AWT-EventQueue-0] INFO  databaseAccess.DBConnection - DBConnection - connection closed
19:40:47.560 [AWT-EventQueue-0] INFO  userUtilities.LocalUser - New user logged in.
User ID: 1
Username: aaaaa
Accounts List size: 4
Goals List size: 3
History List size: 1
19:42:01.046 [AWT-EventQueue-0] INFO  databaseAccess.DBConnection - DBConnection - connection set
19:42:01.055 [AWT-EventQueue-0] INFO  databaseAccess.DBConnection - DBConnection - connection closed
19:42:01.058 [AWT-EventQueue-0] INFO  databaseAccess.DBConnection - DBConnection - connection set
19:42:01.061 [AWT-EventQueue-0] INFO  databaseAccess.DBConnection - DBConnection - connection closed
19:42:01.062 [AWT-EventQueue-0] INFO  databaseAccess.DBConnection - DBConnection - connection set
19:42:01.065 [AWT-EventQueue-0] INFO  databaseAccess.DBConnection - DBConnection - connection closed
19:42:01.066 [AWT-EventQueue-0] INFO  databaseAccess.DBConnection - DBConnection - connection set
19:42:01.068 [AWT-EventQueue-0] INFO  databaseAccess.DBConnection - DBConnection - connection closed
19:42:01.075 [AWT-EventQueue-0] INFO  userUtilities.LocalUser - New user logged in.
User ID: 1
Username: aaaaa
Accounts List size: 4
Goals List size: 3
History List size: 1
19:47:00.005 [AWT-EventQueue-0] INFO  databaseAccess.DBConnection - DBConnection - connection set
19:47:00.017 [AWT-EventQueue-0] INFO  databaseAccess.DBConnection - DBConnection - connection closed
19:47:00.020 [AWT-EventQueue-0] INFO  databaseAccess.DBConnection - DBConnection - connection set
19:47:00.025 [AWT-EventQueue-0] INFO  databaseAccess.DBConnection - DBConnection - connection closed
19:47:00.026 [AWT-EventQueue-0] INFO  databaseAccess.DBConnection - DBConnection - connection set
19:47:00.030 [AWT-EventQueue-0] INFO  databaseAccess.DBConnection - DBConnection - connection closed
19:47:00.032 [AWT-EventQueue-0] INFO  databaseAccess.DBConnection - DBConnection - connection set
19:47:00.036 [AWT-EventQueue-0] INFO  databaseAccess.DBConnection - DBConnection - connection closed
19:47:00.046 [AWT-EventQueue-0] INFO  userUtilities.LocalUser - New user logged in.
User ID: 1
Username: aaaaa
Accounts List size: 4
Goals List size: 3
History List size: 1
19:47:48.808 [AWT-EventQueue-0] INFO  databaseAccess.DBConnection - DBConnection - connection set
19:47:48.819 [AWT-EventQueue-0] INFO  databaseAccess.DBConnection - DBConnection - connection closed
19:47:48.822 [AWT-EventQueue-0] INFO  databaseAccess.DBConnection - DBConnection - connection set
19:47:48.825 [AWT-EventQueue-0] INFO  databaseAccess.DBConnection - DBConnection - connection closed
19:47:48.826 [AWT-EventQueue-0] INFO  databaseAccess.DBConnection - DBConnection - connection set
19:47:48.829 [AWT-EventQueue-0] INFO  databaseAccess.DBConnection - DBConnection - connection closed
19:47:48.830 [AWT-EventQueue-0] INFO  databaseAccess.DBConnection - DBConnection - connection set
19:47:48.832 [AWT-EventQueue-0] INFO  databaseAccess.DBConnection - DBConnection - connection closed
19:47:48.841 [AWT-EventQueue-0] INFO  userUtilities.LocalUser - New user logged in.
User ID: 1
Username: aaaaa
Accounts List size: 4
Goals List size: 3
History List size: 1
19:51:06.356 [AWT-EventQueue-0] INFO  databaseAccess.DBConnection - DBConnection - connection set
19:51:06.370 [AWT-EventQueue-0] INFO  databaseAccess.DBConnection - DBConnection - connection closed
19:51:06.373 [AWT-EventQueue-0] INFO  databaseAccess.DBConnection - DBConnection - connection set
19:51:06.378 [AWT-EventQueue-0] INFO  databaseAccess.DBConnection - DBConnection - connection closed
19:51:06.380 [AWT-EventQueue-0] INFO  databaseAccess.DBConnection - DBConnection - connection set
19:51:06.384 [AWT-EventQueue-0] INFO  databaseAccess.DBConnection - DBConnection - connection closed
19:51:06.386 [AWT-EventQueue-0] INFO  databaseAccess.DBConnection - DBConnection - connection set
19:51:06.390 [AWT-EventQueue-0] INFO  databaseAccess.DBConnection - DBConnection - connection closed
19:51:06.399 [AWT-EventQueue-0] INFO  userUtilities.LocalUser - New user logged in.
User ID: 1
Username: aaaaa
Accounts List size: 4
Goals List size: 3
History List size: 1
19:55:00.576 [AWT-EventQueue-0] INFO  databaseAccess.DBConnection - DBConnection - connection set
19:55:00.589 [AWT-EventQueue-0] INFO  databaseAccess.DBConnection - DBConnection - connection closed
19:55:00.592 [AWT-EventQueue-0] INFO  databaseAccess.DBConnection - DBConnection - connection set
19:55:00.597 [AWT-EventQueue-0] INFO  databaseAccess.DBConnection - DBConnection - connection closed
19:55:00.598 [AWT-EventQueue-0] INFO  databaseAccess.DBConnection - DBConnection - connection set
19:55:00.602 [AWT-EventQueue-0] INFO  databaseAccess.DBConnection - DBConnection - connection closed
19:55:00.604 [AWT-EventQueue-0] INFO  databaseAccess.DBConnection - DBConnection - connection set
19:55:00.607 [AWT-EventQueue-0] INFO  databaseAccess.DBConnection - DBConnection - connection closed
19:55:00.616 [AWT-EventQueue-0] INFO  userUtilities.LocalUser - New user logged in.
User ID: 1
Username: aaaaa
Accounts List size: 4
Goals List size: 3
History List size: 1
19:58:02.107 [AWT-EventQueue-0] INFO  databaseAccess.DBConnection - DBConnection - connection set
19:58:02.120 [AWT-EventQueue-0] INFO  databaseAccess.DBConnection - DBConnection - connection closed
19:58:02.123 [AWT-EventQueue-0] INFO  databaseAccess.DBConnection - DBConnection - connection set
19:58:02.128 [AWT-EventQueue-0] INFO  databaseAccess.DBConnection - DBConnection - connection closed
19:58:02.130 [AWT-EventQueue-0] INFO  databaseAccess.DBConnection - DBConnection - connection set
19:58:02.134 [AWT-EventQueue-0] INFO  databaseAccess.DBConnection - DBConnection - connection closed
19:58:02.136 [AWT-EventQueue-0] INFO  databaseAccess.DBConnection - DBConnection - connection set
19:58:02.139 [AWT-EventQueue-0] INFO  databaseAccess.DBConnection - DBConnection - connection closed
19:58:02.149 [AWT-EventQueue-0] INFO  userUtilities.LocalUser - New user logged in.
User ID: 1
Username: aaaaa
Accounts List size: 4
Goals List size: 3
History List size: 1
19:59:18.175 [AWT-EventQueue-0] INFO  databaseAccess.DBConnection - DBConnection - connection set
19:59:18.184 [AWT-EventQueue-0] INFO  databaseAccess.DBConnection - DBConnection - connection closed
19:59:18.186 [AWT-EventQueue-0] INFO  databaseAccess.DBConnection - DBConnection - connection set
19:59:18.190 [AWT-EventQueue-0] INFO  databaseAccess.DBConnection - DBConnection - connection closed
19:59:18.191 [AWT-EventQueue-0] INFO  databaseAccess.DBConnection - DBConnection - connection set
19:59:18.193 [AWT-EventQueue-0] INFO  databaseAccess.DBConnection - DBConnection - connection closed
19:59:18.194 [AWT-EventQueue-0] INFO  databaseAccess.DBConnection - DBConnection - connection set
19:59:18.196 [AWT-EventQueue-0] INFO  databaseAccess.DBConnection - DBConnection - connection closed
19:59:18.203 [AWT-EventQueue-0] INFO  userUtilities.LocalUser - New user logged in.
User ID: 1
Username: aaaaa
Accounts List size: 4
Goals List size: 3
History List size: 1
20:00:09.786 [AWT-EventQueue-0] INFO  databaseAccess.DBConnection - DBConnection - connection set
20:00:09.800 [AWT-EventQueue-0] INFO  databaseAccess.DBConnection - DBConnection - connection closed
20:00:09.804 [AWT-EventQueue-0] INFO  databaseAccess.DBConnection - DBConnection - connection set
20:00:09.808 [AWT-EventQueue-0] INFO  databaseAccess.DBConnection - DBConnection - connection closed
20:00:09.809 [AWT-EventQueue-0] INFO  databaseAccess.DBConnection - DBConnection - connection set
20:00:09.813 [AWT-EventQueue-0] INFO  databaseAccess.DBConnection - DBConnection - connection closed
20:00:09.815 [AWT-EventQueue-0] INFO  databaseAccess.DBConnection - DBConnection - connection set
20:00:09.819 [AWT-EventQueue-0] INFO  databaseAccess.DBConnection - DBConnection - connection closed
20:00:09.831 [AWT-EventQueue-0] INFO  userUtilities.LocalUser - New user logged in.
User ID: 1
Username: aaaaa
Accounts List size: 4
Goals List size: 3
History List size: 1
20:01:17.317 [AWT-EventQueue-0] INFO  databaseAccess.DBConnection - DBConnection - connection set
20:01:17.332 [AWT-EventQueue-0] INFO  databaseAccess.DBConnection - DBConnection - connection closed
20:01:17.335 [AWT-EventQueue-0] INFO  databaseAccess.DBConnection - DBConnection - connection set
20:01:17.340 [AWT-EventQueue-0] INFO  databaseAccess.DBConnection - DBConnection - connection closed
20:01:17.342 [AWT-EventQueue-0] INFO  databaseAccess.DBConnection - DBConnection - connection set
20:01:17.345 [AWT-EventQueue-0] INFO  databaseAccess.DBConnection - DBConnection - connection closed
20:01:17.346 [AWT-EventQueue-0] INFO  databaseAccess.DBConnection - DBConnection - connection set
20:01:17.350 [AWT-EventQueue-0] INFO  databaseAccess.DBConnection - DBConnection - connection closed
20:01:17.359 [AWT-EventQueue-0] INFO  userUtilities.LocalUser - New user logged in.
User ID: 1
Username: aaaaa
Accounts List size: 4
Goals List size: 3
History List size: 1
20:03:11.149 [AWT-EventQueue-0] INFO  databaseAccess.DBConnection - DBConnection - connection set
20:03:11.164 [AWT-EventQueue-0] INFO  databaseAccess.DBConnection - DBConnection - connection closed
20:03:11.168 [AWT-EventQueue-0] INFO  databaseAccess.DBConnection - DBConnection - connection set
20:03:11.172 [AWT-EventQueue-0] INFO  databaseAccess.DBConnection - DBConnection - connection closed
20:03:11.174 [AWT-EventQueue-0] INFO  databaseAccess.DBConnection - DBConnection - connection set
20:03:11.178 [AWT-EventQueue-0] INFO  databaseAccess.DBConnection - DBConnection - connection closed
20:03:11.180 [AWT-EventQueue-0] INFO  databaseAccess.DBConnection - DBConnection - connection set
20:03:11.183 [AWT-EventQueue-0] INFO  databaseAccess.DBConnection - DBConnection - connection closed
20:03:11.193 [AWT-EventQueue-0] INFO  userUtilities.LocalUser - New user logged in.
User ID: 1
Username: aaaaa
Accounts List size: 4
Goals List size: 3
History List size: 1
20:05:51.105 [AWT-EventQueue-0] INFO  databaseAccess.DBConnection - DBConnection - connection set
20:05:51.114 [AWT-EventQueue-0] INFO  databaseAccess.DBConnection - DBConnection - connection closed
20:05:51.117 [AWT-EventQueue-0] INFO  databaseAccess.DBConnection - DBConnection - connection set
20:05:51.120 [AWT-EventQueue-0] INFO  databaseAccess.DBConnection - DBConnection - connection closed
20:05:51.121 [AWT-EventQueue-0] INFO  databaseAccess.DBConnection - DBConnection - connection set
20:05:51.124 [AWT-EventQueue-0] INFO  databaseAccess.DBConnection - DBConnection - connection closed
20:05:51.125 [AWT-EventQueue-0] INFO  databaseAccess.DBConnection - DBConnection - connection set
20:05:51.127 [AWT-EventQueue-0] INFO  databaseAccess.DBConnection - DBConnection - connection closed
20:05:51.135 [AWT-EventQueue-0] INFO  userUtilities.LocalUser - New user logged in.
User ID: 1
Username: aaaaa
Accounts List size: 4
Goals List size: 3
History List size: 1
20:07:17.379 [AWT-EventQueue-0] INFO  databaseAccess.DBConnection - DBConnection - connection set
20:07:17.393 [AWT-EventQueue-0] INFO  databaseAccess.DBConnection - DBConnection - connection closed
20:07:17.396 [AWT-EventQueue-0] INFO  databaseAccess.DBConnection - DBConnection - connection set
20:07:17.400 [AWT-EventQueue-0] INFO  databaseAccess.DBConnection - DBConnection - connection closed
20:07:17.401 [AWT-EventQueue-0] INFO  databaseAccess.DBConnection - DBConnection - connection set
20:07:17.407 [AWT-EventQueue-0] INFO  databaseAccess.DBConnection - DBConnection - connection closed
20:07:17.410 [AWT-EventQueue-0] INFO  databaseAccess.DBConnection - DBConnection - connection set
20:07:17.412 [AWT-EventQueue-0] INFO  databaseAccess.DBConnection - DBConnection - connection closed
20:07:17.425 [AWT-EventQueue-0] INFO  userUtilities.LocalUser - New user logged in.
User ID: 4
Username: bbbbb
Accounts List size: 1
Goals List size: 0
History List size: 0
20:26:23.079 [AWT-EventQueue-0] INFO  databaseAccess.DBConnection - DBConnection - connection set
20:26:23.092 [AWT-EventQueue-0] INFO  databaseAccess.DBConnection - DBConnection - connection closed
20:26:23.096 [AWT-EventQueue-0] INFO  databaseAccess.DBConnection - DBConnection - connection set
20:26:23.101 [AWT-EventQueue-0] INFO  databaseAccess.DBConnection - DBConnection - connection closed
20:26:23.103 [AWT-EventQueue-0] INFO  databaseAccess.DBConnection - DBConnection - connection set
20:26:23.106 [AWT-EventQueue-0] INFO  databaseAccess.DBConnection - DBConnection - connection closed
20:26:23.108 [AWT-EventQueue-0] INFO  databaseAccess.DBConnection - DBConnection - connection set
20:26:23.111 [AWT-EventQueue-0] INFO  databaseAccess.DBConnection - DBConnection - connection closed
20:26:23.120 [AWT-EventQueue-0] INFO  userUtilities.LocalUser - New user logged in.
User ID: 1
Username: aaaaa
Accounts List size: 4
Goals List size: 3
History List size: 1
20:26:57.997 [AWT-EventQueue-0] INFO  databaseAccess.DBConnection - DBConnection - connection set
20:26:58.020 [AWT-EventQueue-0] INFO  databaseAccess.DBConnection - DBConnection - connection closed
20:26:58.022 [AWT-EventQueue-0] INFO  databaseAccess.DBConnection - DBConnection - connection set
20:26:58.024 [AWT-EventQueue-0] INFO  databaseAccess.DBConnection - DBConnection - connection closed
20:33:12.386 [AWT-EventQueue-0] INFO  databaseAccess.DBConnection - DBConnection - connection set
20:33:12.399 [AWT-EventQueue-0] INFO  databaseAccess.DBConnection - DBConnection - connection closed
20:33:12.403 [AWT-EventQueue-0] INFO  databaseAccess.DBConnection - DBConnection - connection set
20:33:12.408 [AWT-EventQueue-0] INFO  databaseAccess.DBConnection - DBConnection - connection closed
20:33:12.409 [AWT-EventQueue-0] INFO  databaseAccess.DBConnection - DBConnection - connection set
20:33:12.413 [AWT-EventQueue-0] INFO  databaseAccess.DBConnection - DBConnection - connection closed
20:33:12.415 [AWT-EventQueue-0] INFO  databaseAccess.DBConnection - DBConnection - connection set
20:33:12.418 [AWT-EventQueue-0] INFO  databaseAccess.DBConnection - DBConnection - connection closed
20:33:12.427 [AWT-EventQueue-0] INFO  userUtilities.LocalUser - New user logged in.
User ID: 1
Username: aaaaa
Accounts List size: 4
Goals List size: 3
History List size: 1
20:33:16.433 [AWT-EventQueue-0] INFO  databaseAccess.DBConnection - DBConnection - connection set
20:33:16.453 [AWT-EventQueue-0] INFO  databaseAccess.DBConnection - DBConnection - connection closed
20:33:16.455 [AWT-EventQueue-0] INFO  databaseAccess.DBConnection - DBConnection - connection set
20:33:16.457 [AWT-EventQueue-0] INFO  databaseAccess.DBConnection - DBConnection - connection closed
20:50:53.671 [AWT-EventQueue-0] INFO  databaseAccess.DBConnection - DBConnection - connection set
20:50:53.682 [AWT-EventQueue-0] INFO  databaseAccess.DBConnection - DBConnection - connection closed
20:50:53.685 [AWT-EventQueue-0] INFO  databaseAccess.DBConnection - DBConnection - connection set
20:50:53.689 [AWT-EventQueue-0] INFO  databaseAccess.DBConnection - DBConnection - connection closed
20:50:53.690 [AWT-EventQueue-0] INFO  databaseAccess.DBConnection - DBConnection - connection set
20:50:53.693 [AWT-EventQueue-0] INFO  databaseAccess.DBConnection - DBConnection - connection closed
20:50:53.694 [AWT-EventQueue-0] INFO  databaseAccess.DBConnection - DBConnection - connection set
20:50:53.697 [AWT-EventQueue-0] INFO  databaseAccess.DBConnection - DBConnection - connection closed
20:50:53.706 [AWT-EventQueue-0] INFO  userUtilities.LocalUser - New user logged in.
User ID: 1
Username: aaaaa
Accounts List size: 4
Goals List size: 3
History List size: 1
20:53:11.264 [AWT-EventQueue-0] INFO  databaseAccess.DBConnection - DBConnection - connection set
20:53:11.276 [AWT-EventQueue-0] INFO  databaseAccess.DBConnection - DBConnection - connection closed
20:53:11.280 [AWT-EventQueue-0] INFO  databaseAccess.DBConnection - DBConnection - connection set
20:53:11.284 [AWT-EventQueue-0] INFO  databaseAccess.DBConnection - DBConnection - connection closed
20:53:11.286 [AWT-EventQueue-0] INFO  databaseAccess.DBConnection - DBConnection - connection set
20:53:11.289 [AWT-EventQueue-0] INFO  databaseAccess.DBConnection - DBConnection - connection closed
20:53:11.290 [AWT-EventQueue-0] INFO  databaseAccess.DBConnection - DBConnection - connection set
20:53:11.293 [AWT-EventQueue-0] INFO  databaseAccess.DBConnection - DBConnection - connection closed
20:53:11.303 [AWT-EventQueue-0] INFO  userUtilities.LocalUser - New user logged in.
User ID: 1
Username: aaaaa
Accounts List size: 4
Goals List size: 3
History List size: 1
21:19:47.507 [AWT-EventQueue-0] INFO  databaseAccess.DBConnection - DBConnection - connection set
21:19:47.521 [AWT-EventQueue-0] INFO  databaseAccess.DBConnection - DBConnection - connection closed
21:19:47.525 [AWT-EventQueue-0] INFO  databaseAccess.DBConnection - DBConnection - connection set
21:19:47.530 [AWT-EventQueue-0] INFO  databaseAccess.DBConnection - DBConnection - connection closed
21:19:47.532 [AWT-EventQueue-0] INFO  databaseAccess.DBConnection - DBConnection - connection set
21:19:47.537 [AWT-EventQueue-0] INFO  databaseAccess.DBConnection - DBConnection - connection closed
21:19:47.539 [AWT-EventQueue-0] INFO  databaseAccess.DBConnection - DBConnection - connection set
21:19:47.542 [AWT-EventQueue-0] INFO  databaseAccess.DBConnection - DBConnection - connection closed
21:19:47.553 [AWT-EventQueue-0] INFO  userUtilities.LocalUser - New user logged in.
User ID: 1
Username: aaaaa
Accounts List size: 4
Goals List size: 3
History List size: 1
21:21:51.045 [AWT-EventQueue-0] INFO  databaseAccess.DBConnection - DBConnection - connection set
21:21:51.058 [AWT-EventQueue-0] INFO  databaseAccess.DBConnection - DBConnection - connection closed
21:21:51.061 [AWT-EventQueue-0] INFO  databaseAccess.DBConnection - DBConnection - connection set
21:21:51.066 [AWT-EventQueue-0] INFO  databaseAccess.DBConnection - DBConnection - connection closed
21:21:51.068 [AWT-EventQueue-0] INFO  databaseAccess.DBConnection - DBConnection - connection set
21:21:51.071 [AWT-EventQueue-0] INFO  databaseAccess.DBConnection - DBConnection - connection closed
21:21:51.072 [AWT-EventQueue-0] INFO  databaseAccess.DBConnection - DBConnection - connection set
21:21:51.075 [AWT-EventQueue-0] INFO  databaseAccess.DBConnection - DBConnection - connection closed
21:21:51.085 [AWT-EventQueue-0] INFO  userUtilities.LocalUser - New user logged in.
User ID: 1
Username: aaaaa
Accounts List size: 4
Goals List size: 3
History List size: 1
21:24:44.848 [AWT-EventQueue-0] INFO  databaseAccess.DBConnection - DBConnection - connection set
21:24:44.860 [AWT-EventQueue-0] INFO  databaseAccess.DBConnection - DBConnection - connection closed
21:24:44.863 [AWT-EventQueue-0] INFO  databaseAccess.DBConnection - DBConnection - connection set
21:24:44.867 [AWT-EventQueue-0] INFO  databaseAccess.DBConnection - DBConnection - connection closed
21:24:44.869 [AWT-EventQueue-0] INFO  databaseAccess.DBConnection - DBConnection - connection set
21:24:44.872 [AWT-EventQueue-0] INFO  databaseAccess.DBConnection - DBConnection - connection closed
21:24:44.874 [AWT-EventQueue-0] INFO  databaseAccess.DBConnection - DBConnection - connection set
21:24:44.877 [AWT-EventQueue-0] INFO  databaseAccess.DBConnection - DBConnection - connection closed
21:24:44.887 [AWT-EventQueue-0] INFO  userUtilities.LocalUser - New user logged in.
User ID: 1
Username: aaaaa
Accounts List size: 4
Goals List size: 3
History List size: 1
21:26:44.737 [AWT-EventQueue-0] INFO  databaseAccess.DBConnection - DBConnection - connection set
21:26:44.747 [AWT-EventQueue-0] INFO  databaseAccess.DBConnection - DBConnection - connection closed
21:26:44.750 [AWT-EventQueue-0] INFO  databaseAccess.DBConnection - DBConnection - connection set
21:26:44.753 [AWT-EventQueue-0] INFO  databaseAccess.DBConnection - DBConnection - connection closed
21:26:44.755 [AWT-EventQueue-0] INFO  databaseAccess.DBConnection - DBConnection - connection set
21:26:44.757 [AWT-EventQueue-0] INFO  databaseAccess.DBConnection - DBConnection - connection closed
21:26:44.759 [AWT-EventQueue-0] INFO  databaseAccess.DBConnection - DBConnection - connection set
21:26:44.762 [AWT-EventQueue-0] INFO  databaseAccess.DBConnection - DBConnection - connection closed
21:26:44.769 [AWT-EventQueue-0] INFO  userUtilities.LocalUser - New user logged in.
User ID: 1
Username: aaaaa
Accounts List size: 4
Goals List size: 3
History List size: 1
21:35:54.300 [AWT-EventQueue-0] INFO  databaseAccess.DBConnection - DBConnection - connection set
21:35:54.312 [AWT-EventQueue-0] INFO  databaseAccess.DBConnection - DBConnection - connection closed
21:35:54.316 [AWT-EventQueue-0] INFO  databaseAccess.DBConnection - DBConnection - connection set
21:35:54.321 [AWT-EventQueue-0] INFO  databaseAccess.DBConnection - DBConnection - connection closed
21:35:54.323 [AWT-EventQueue-0] INFO  databaseAccess.DBConnection - DBConnection - connection set
21:35:54.326 [AWT-EventQueue-0] INFO  databaseAccess.DBConnection - DBConnection - connection closed
21:35:54.328 [AWT-EventQueue-0] INFO  databaseAccess.DBConnection - DBConnection - connection set
21:35:54.332 [AWT-EventQueue-0] INFO  databaseAccess.DBConnection - DBConnection - connection closed
21:35:54.341 [AWT-EventQueue-0] INFO  userUtilities.LocalUser - New user logged in.
User ID: 1
Username: aaaaa
Accounts List size: 4
Goals List size: 3
History List size: 1
21:36:08.183 [AWT-EventQueue-0] INFO  databaseAccess.DBConnection - DBConnection - connection set
21:36:08.185 [AWT-EventQueue-0] INFO  databaseAccess.DBConnection - DBConnection - connection closed
21:36:08.187 [AWT-EventQueue-0] INFO  databaseAccess.DBConnection - DBConnection - connection set
21:36:08.188 [AWT-EventQueue-0] INFO  databaseAccess.DBConnection - DBConnection - connection closed
21:36:08.190 [AWT-EventQueue-0] INFO  databaseAccess.DBConnection - DBConnection - connection set
21:36:08.192 [AWT-EventQueue-0] INFO  databaseAccess.DBConnection - DBConnection - connection closed
21:36:08.193 [AWT-EventQueue-0] INFO  databaseAccess.DBConnection - DBConnection - connection set
21:36:08.196 [AWT-EventQueue-0] INFO  databaseAccess.DBConnection - DBConnection - connection closed
21:36:44.005 [AWT-EventQueue-0] INFO  databaseAccess.DBConnection - DBConnection - connection set
21:36:44.006 [AWT-EventQueue-0] INFO  databaseAccess.DBConnection - DBConnection - connection closed
21:36:44.007 [AWT-EventQueue-0] INFO  databaseAccess.DBConnection - DBConnection - connection set
21:36:44.009 [AWT-EventQueue-0] INFO  databaseAccess.DBConnection - DBConnection - connection closed
21:36:44.011 [AWT-EventQueue-0] INFO  databaseAccess.DBConnection - DBConnection - connection set
21:36:44.013 [AWT-EventQueue-0] INFO  databaseAccess.DBConnection - DBConnection - connection closed
21:36:44.015 [AWT-EventQueue-0] INFO  databaseAccess.DBConnection - DBConnection - connection set
21:36:44.016 [AWT-EventQueue-0] INFO  databaseAccess.DBConnection - DBConnection - connection closed
21:36:54.503 [AWT-EventQueue-0] INFO  databaseAccess.DBConnection - DBConnection - connection set
21:36:54.505 [AWT-EventQueue-0] INFO  databaseAccess.DBConnection - DBConnection - connection closed
21:36:54.508 [AWT-EventQueue-0] INFO  databaseAccess.DBConnection - DBConnection - connection set
21:36:54.509 [AWT-EventQueue-0] INFO  databaseAccess.DBConnection - DBConnection - connection closed
21:36:54.511 [AWT-EventQueue-0] INFO  databaseAccess.DBConnection - DBConnection - connection set
21:36:54.513 [AWT-EventQueue-0] INFO  databaseAccess.DBConnection - DBConnection - connection closed
21:36:54.514 [AWT-EventQueue-0] INFO  databaseAccess.DBConnection - DBConnection - connection set
21:36:54.519 [AWT-EventQueue-0] INFO  databaseAccess.DBConnection - DBConnection - connection closed
21:36:57.595 [AWT-EventQueue-0] INFO  databaseAccess.DBConnection - DBConnection - connection set
21:36:57.597 [AWT-EventQueue-0] INFO  databaseAccess.DBConnection - DBConnection - connection closed
21:36:57.598 [AWT-EventQueue-0] INFO  databaseAccess.DBConnection - DBConnection - connection set
21:36:57.604 [AWT-EventQueue-0] INFO  databaseAccess.DBConnection - DBConnection - connection closed
21:36:57.606 [AWT-EventQueue-0] INFO  databaseAccess.DBConnection - DBConnection - connection set
21:36:57.608 [AWT-EventQueue-0] INFO  databaseAccess.DBConnection - DBConnection - connection closed
21:36:57.610 [AWT-EventQueue-0] INFO  databaseAccess.DBConnection - DBConnection - connection set
21:36:57.612 [AWT-EventQueue-0] INFO  databaseAccess.DBConnection - DBConnection - connection closed
21:37:39.469 [AWT-EventQueue-0] INFO  databaseAccess.DBConnection - DBConnection - connection set
21:37:39.471 [AWT-EventQueue-0] INFO  databaseAccess.DBConnection - DBConnection - connection closed
21:37:39.472 [AWT-EventQueue-0] INFO  databaseAccess.DBConnection - DBConnection - connection set
21:37:39.474 [AWT-EventQueue-0] INFO  databaseAccess.DBConnection - DBConnection - connection closed
21:37:39.476 [AWT-EventQueue-0] INFO  databaseAccess.DBConnection - DBConnection - connection set
21:37:39.478 [AWT-EventQueue-0] INFO  databaseAccess.DBConnection - DBConnection - connection closed
21:37:39.480 [AWT-EventQueue-0] INFO  databaseAccess.DBConnection - DBConnection - connection set
21:37:39.482 [AWT-EventQueue-0] INFO  databaseAccess.DBConnection - DBConnection - connection closed
21:43:27.622 [AWT-EventQueue-0] INFO  databaseAccess.DBConnection - DBConnection - connection set
21:43:27.636 [AWT-EventQueue-0] INFO  databaseAccess.DBConnection - DBConnection - connection closed
21:43:27.639 [AWT-EventQueue-0] INFO  databaseAccess.DBConnection - DBConnection - connection set
21:43:27.644 [AWT-EventQueue-0] INFO  databaseAccess.DBConnection - DBConnection - connection closed
21:43:27.646 [AWT-EventQueue-0] INFO  databaseAccess.DBConnection - DBConnection - connection set
21:43:27.649 [AWT-EventQueue-0] INFO  databaseAccess.DBConnection - DBConnection - connection closed
21:43:27.651 [AWT-EventQueue-0] INFO  databaseAccess.DBConnection - DBConnection - connection set
21:43:27.654 [AWT-EventQueue-0] INFO  databaseAccess.DBConnection - DBConnection - connection closed
21:43:27.662 [AWT-EventQueue-0] INFO  userUtilities.LocalUser - New user logged in.
User ID: 1
Username: aaaaa
Accounts List size: 4
Goals List size: 4
History List size: 2
21:43:37.065 [AWT-EventQueue-0] INFO  databaseAccess.DBConnection - DBConnection - connection set
21:43:37.067 [AWT-EventQueue-0] INFO  databaseAccess.DBConnection - DBConnection - connection closed
21:43:37.069 [AWT-EventQueue-0] INFO  databaseAccess.DBConnection - DBConnection - connection set
21:43:37.071 [AWT-EventQueue-0] INFO  databaseAccess.DBConnection - DBConnection - connection closed
21:43:37.073 [AWT-EventQueue-0] INFO  databaseAccess.DBConnection - DBConnection - connection set
21:43:37.074 [AWT-EventQueue-0] INFO  databaseAccess.DBConnection - DBConnection - connection closed
21:43:37.076 [AWT-EventQueue-0] INFO  databaseAccess.DBConnection - DBConnection - connection set
21:43:37.078 [AWT-EventQueue-0] INFO  databaseAccess.DBConnection - DBConnection - connection closed
21:46:24.938 [AWT-EventQueue-0] INFO  databaseAccess.DBConnection - DBConnection - connection set
21:46:24.940 [AWT-EventQueue-0] INFO  databaseAccess.DBConnection - DBConnection - connection closed
21:46:24.941 [AWT-EventQueue-0] INFO  databaseAccess.DBConnection - DBConnection - connection set
21:46:24.943 [AWT-EventQueue-0] INFO  databaseAccess.DBConnection - DBConnection - connection closed
21:46:24.950 [AWT-EventQueue-0] INFO  databaseAccess.DBConnection - DBConnection - connection set
21:46:24.953 [AWT-EventQueue-0] INFO  databaseAccess.DBConnection - DBConnection - connection closed
21:46:24.956 [AWT-EventQueue-0] INFO  databaseAccess.DBConnection - DBConnection - connection set
21:46:24.958 [AWT-EventQueue-0] INFO  databaseAccess.DBConnection - DBConnection - connection closed
21:48:33.562 [AWT-EventQueue-0] INFO  databaseAccess.DBConnection - DBConnection - connection set
21:48:33.574 [AWT-EventQueue-0] INFO  databaseAccess.DBConnection - DBConnection - connection closed
21:48:33.577 [AWT-EventQueue-0] INFO  databaseAccess.DBConnection - DBConnection - connection set
21:48:33.582 [AWT-EventQueue-0] INFO  databaseAccess.DBConnection - DBConnection - connection closed
21:48:33.583 [AWT-EventQueue-0] INFO  databaseAccess.DBConnection - DBConnection - connection set
21:48:33.587 [AWT-EventQueue-0] INFO  databaseAccess.DBConnection - DBConnection - connection closed
21:48:33.589 [AWT-EventQueue-0] INFO  databaseAccess.DBConnection - DBConnection - connection set
21:48:33.592 [AWT-EventQueue-0] INFO  databaseAccess.DBConnection - DBConnection - connection closed
21:48:33.602 [AWT-EventQueue-0] INFO  userUtilities.LocalUser - New user logged in.
User ID: 1
Username: aaaaa
Accounts List size: 4
Goals List size: 5
History List size: 2
21:49:05.117 [AWT-EventQueue-0] INFO  databaseAccess.DBConnection - DBConnection - connection set
21:49:05.119 [AWT-EventQueue-0] INFO  databaseAccess.DBConnection - DBConnection - connection closed
21:49:05.120 [AWT-EventQueue-0] INFO  databaseAccess.DBConnection - DBConnection - connection set
21:49:05.122 [AWT-EventQueue-0] INFO  databaseAccess.DBConnection - DBConnection - connection closed
21:49:05.124 [AWT-EventQueue-0] INFO  databaseAccess.DBConnection - DBConnection - connection set
21:49:05.126 [AWT-EventQueue-0] INFO  databaseAccess.DBConnection - DBConnection - connection closed
21:49:05.127 [AWT-EventQueue-0] INFO  databaseAccess.DBConnection - DBConnection - connection set
21:49:05.129 [AWT-EventQueue-0] INFO  databaseAccess.DBConnection - DBConnection - connection closed
21:52:17.782 [AWT-EventQueue-0] INFO  databaseAccess.DBConnection - DBConnection - connection set
21:52:17.792 [AWT-EventQueue-0] INFO  databaseAccess.DBConnection - DBConnection - connection closed
21:52:17.795 [AWT-EventQueue-0] INFO  databaseAccess.DBConnection - DBConnection - connection set
21:52:17.799 [AWT-EventQueue-0] INFO  databaseAccess.DBConnection - DBConnection - connection closed
21:52:17.800 [AWT-EventQueue-0] INFO  databaseAccess.DBConnection - DBConnection - connection set
21:52:17.803 [AWT-EventQueue-0] INFO  databaseAccess.DBConnection - DBConnection - connection closed
21:52:17.805 [AWT-EventQueue-0] INFO  databaseAccess.DBConnection - DBConnection - connection set
21:52:17.808 [AWT-EventQueue-0] INFO  databaseAccess.DBConnection - DBConnection - connection closed
21:52:17.816 [AWT-EventQueue-0] INFO  userUtilities.LocalUser - New user logged in.
User ID: 1
Username: aaaaa
Accounts List size: 4
Goals List size: 5
History List size: 3
21:52:50.677 [AWT-EventQueue-0] INFO  databaseAccess.DBConnection - DBConnection - connection set
21:52:50.680 [AWT-EventQueue-0] INFO  databaseAccess.DBConnection - DBConnection - connection closed
21:52:50.682 [AWT-EventQueue-0] INFO  databaseAccess.DBConnection - DBConnection - connection set
21:52:50.684 [AWT-EventQueue-0] INFO  databaseAccess.DBConnection - DBConnection - connection closed
21:52:50.686 [AWT-EventQueue-0] INFO  databaseAccess.DBConnection - DBConnection - connection set
21:52:50.690 [AWT-EventQueue-0] INFO  databaseAccess.DBConnection - DBConnection - connection closed
21:52:50.692 [AWT-EventQueue-0] INFO  databaseAccess.DBConnection - DBConnection - connection set
21:52:50.694 [AWT-EventQueue-0] INFO  databaseAccess.DBConnection - DBConnection - connection closed
21:56:34.313 [AWT-EventQueue-0] INFO  databaseAccess.DBConnection - DBConnection - connection set
21:56:34.327 [AWT-EventQueue-0] INFO  databaseAccess.DBConnection - DBConnection - connection closed
21:56:34.331 [AWT-EventQueue-0] INFO  databaseAccess.DBConnection - DBConnection - connection set
21:56:34.338 [AWT-EventQueue-0] INFO  databaseAccess.DBConnection - DBConnection - connection closed
21:56:34.340 [AWT-EventQueue-0] INFO  databaseAccess.DBConnection - DBConnection - connection set
21:56:34.345 [AWT-EventQueue-0] INFO  databaseAccess.DBConnection - DBConnection - connection closed
21:56:34.347 [AWT-EventQueue-0] INFO  databaseAccess.DBConnection - DBConnection - connection set
21:56:34.351 [AWT-EventQueue-0] INFO  databaseAccess.DBConnection - DBConnection - connection closed
21:56:34.364 [AWT-EventQueue-0] INFO  userUtilities.LocalUser - New user logged in.
User ID: 1
Username: aaaaa
Accounts List size: 4
Goals List size: 5
History List size: 4
21:56:38.359 [AWT-EventQueue-0] INFO  databaseAccess.DBConnection - DBConnection - connection set
21:56:38.360 [AWT-EventQueue-0] INFO  databaseAccess.DBConnection - DBConnection - connection closed
21:56:38.362 [AWT-EventQueue-0] INFO  databaseAccess.DBConnection - DBConnection - connection set
21:56:38.364 [AWT-EventQueue-0] INFO  databaseAccess.DBConnection - DBConnection - connection closed
21:56:38.365 [AWT-EventQueue-0] INFO  databaseAccess.DBConnection - DBConnection - connection set
21:56:38.367 [AWT-EventQueue-0] INFO  databaseAccess.DBConnection - DBConnection - connection closed
21:56:38.369 [AWT-EventQueue-0] INFO  databaseAccess.DBConnection - DBConnection - connection set
21:56:38.371 [AWT-EventQueue-0] INFO  databaseAccess.DBConnection - DBConnection - connection closed
21:58:42.929 [AWT-EventQueue-0] INFO  databaseAccess.DBConnection - DBConnection - connection set
21:58:42.943 [AWT-EventQueue-0] INFO  databaseAccess.DBConnection - DBConnection - connection closed
21:58:42.946 [AWT-EventQueue-0] INFO  databaseAccess.DBConnection - DBConnection - connection set
21:58:42.951 [AWT-EventQueue-0] INFO  databaseAccess.DBConnection - DBConnection - connection closed
21:58:42.953 [AWT-EventQueue-0] INFO  databaseAccess.DBConnection - DBConnection - connection set
21:58:42.956 [AWT-EventQueue-0] INFO  databaseAccess.DBConnection - DBConnection - connection closed
21:58:42.958 [AWT-EventQueue-0] INFO  databaseAccess.DBConnection - DBConnection - connection set
21:58:42.962 [AWT-EventQueue-0] INFO  databaseAccess.DBConnection - DBConnection - connection closed
21:58:42.972 [AWT-EventQueue-0] INFO  userUtilities.LocalUser - New user logged in.
User ID: 1
Username: aaaaa
Accounts List size: 4
Goals List size: 5
History List size: 4
21:58:46.275 [AWT-EventQueue-0] INFO  databaseAccess.DBConnection - DBConnection - connection set
21:58:46.277 [AWT-EventQueue-0] INFO  databaseAccess.DBConnection - DBConnection - connection closed
21:58:46.278 [AWT-EventQueue-0] INFO  databaseAccess.DBConnection - DBConnection - connection set
21:58:46.281 [AWT-EventQueue-0] INFO  databaseAccess.DBConnection - DBConnection - connection closed
21:58:46.283 [AWT-EventQueue-0] INFO  databaseAccess.DBConnection - DBConnection - connection set
21:58:46.285 [AWT-EventQueue-0] INFO  databaseAccess.DBConnection - DBConnection - connection closed
21:58:46.287 [AWT-EventQueue-0] INFO  databaseAccess.DBConnection - DBConnection - connection set
21:58:46.289 [AWT-EventQueue-0] INFO  databaseAccess.DBConnection - DBConnection - connection closed
22:01:29.178 [AWT-EventQueue-0] INFO  databaseAccess.DBConnection - DBConnection - connection set
22:01:29.192 [AWT-EventQueue-0] INFO  databaseAccess.DBConnection - DBConnection - connection closed
22:01:29.195 [AWT-EventQueue-0] INFO  databaseAccess.DBConnection - DBConnection - connection set
22:01:29.200 [AWT-EventQueue-0] INFO  databaseAccess.DBConnection - DBConnection - connection closed
22:01:29.201 [AWT-EventQueue-0] INFO  databaseAccess.DBConnection - DBConnection - connection set
22:01:29.205 [AWT-EventQueue-0] INFO  databaseAccess.DBConnection - DBConnection - connection closed
22:01:29.206 [AWT-EventQueue-0] INFO  databaseAccess.DBConnection - DBConnection - connection set
22:01:29.210 [AWT-EventQueue-0] INFO  databaseAccess.DBConnection - DBConnection - connection closed
22:01:29.219 [AWT-EventQueue-0] INFO  userUtilities.LocalUser - New user logged in.
User ID: 1
Username: aaaaa
Accounts List size: 4
Goals List size: 5
History List size: 4
22:01:35.141 [AWT-EventQueue-0] INFO  databaseAccess.DBConnection - DBConnection - connection set
22:01:35.142 [AWT-EventQueue-0] INFO  databaseAccess.DBConnection - DBConnection - connection closed
22:01:35.144 [AWT-EventQueue-0] INFO  databaseAccess.DBConnection - DBConnection - connection set
22:01:35.146 [AWT-EventQueue-0] INFO  databaseAccess.DBConnection - DBConnection - connection closed
22:01:35.148 [AWT-EventQueue-0] INFO  databaseAccess.DBConnection - DBConnection - connection set
22:01:35.150 [AWT-EventQueue-0] INFO  databaseAccess.DBConnection - DBConnection - connection closed
22:01:35.152 [AWT-EventQueue-0] INFO  databaseAccess.DBConnection - DBConnection - connection set
22:01:35.154 [AWT-EventQueue-0] INFO  databaseAccess.DBConnection - DBConnection - connection closed
22:05:50.754 [AWT-EventQueue-0] INFO  databaseAccess.DBConnection - DBConnection - connection set
22:05:50.768 [AWT-EventQueue-0] INFO  databaseAccess.DBConnection - DBConnection - connection closed
22:05:50.773 [AWT-EventQueue-0] INFO  databaseAccess.DBConnection - DBConnection - connection set
22:05:50.778 [AWT-EventQueue-0] INFO  databaseAccess.DBConnection - DBConnection - connection closed
22:05:50.780 [AWT-EventQueue-0] INFO  databaseAccess.DBConnection - DBConnection - connection set
22:05:50.784 [AWT-EventQueue-0] INFO  databaseAccess.DBConnection - DBConnection - connection closed
22:05:50.786 [AWT-EventQueue-0] INFO  databaseAccess.DBConnection - DBConnection - connection set
22:05:50.790 [AWT-EventQueue-0] INFO  databaseAccess.DBConnection - DBConnection - connection closed
22:05:50.799 [AWT-EventQueue-0] INFO  userUtilities.LocalUser - New user logged in.
User ID: 1
Username: aaaaa
Accounts List size: 4
Goals List size: 5
History List size: 4
22:06:06.908 [AWT-EventQueue-0] INFO  databaseAccess.DBConnection - DBConnection - connection set
22:06:06.909 [AWT-EventQueue-0] INFO  databaseAccess.DBConnection - DBConnection - connection closed
22:06:06.911 [AWT-EventQueue-0] INFO  databaseAccess.DBConnection - DBConnection - connection set
22:06:06.913 [AWT-EventQueue-0] INFO  databaseAccess.DBConnection - DBConnection - connection closed
22:06:06.914 [AWT-EventQueue-0] INFO  databaseAccess.DBConnection - DBConnection - connection set
22:06:06.916 [AWT-EventQueue-0] INFO  databaseAccess.DBConnection - DBConnection - connection closed
22:06:06.917 [AWT-EventQueue-0] INFO  databaseAccess.DBConnection - DBConnection - connection set
22:06:06.919 [AWT-EventQueue-0] INFO  databaseAccess.DBConnection - DBConnection - connection closed
22:07:32.131 [AWT-EventQueue-0] INFO  databaseAccess.DBConnection - DBConnection - connection set
22:07:32.144 [AWT-EventQueue-0] INFO  databaseAccess.DBConnection - DBConnection - connection closed
22:07:32.147 [AWT-EventQueue-0] INFO  databaseAccess.DBConnection - DBConnection - connection set
22:07:32.153 [AWT-EventQueue-0] INFO  databaseAccess.DBConnection - DBConnection - connection closed
22:07:32.155 [AWT-EventQueue-0] INFO  databaseAccess.DBConnection - DBConnection - connection set
22:07:32.158 [AWT-EventQueue-0] INFO  databaseAccess.DBConnection - DBConnection - connection closed
22:07:32.160 [AWT-EventQueue-0] INFO  databaseAccess.DBConnection - DBConnection - connection set
22:07:32.163 [AWT-EventQueue-0] INFO  databaseAccess.DBConnection - DBConnection - connection closed
22:07:32.172 [AWT-EventQueue-0] INFO  userUtilities.LocalUser - New user logged in.
User ID: 1
Username: aaaaa
Accounts List size: 4
Goals List size: 5
History List size: 4
22:07:48.083 [AWT-EventQueue-0] INFO  databaseAccess.DBConnection - DBConnection - connection set
22:07:48.085 [AWT-EventQueue-0] INFO  databaseAccess.DBConnection - DBConnection - connection closed
22:07:48.086 [AWT-EventQueue-0] INFO  databaseAccess.DBConnection - DBConnection - connection set
22:07:48.089 [AWT-EventQueue-0] INFO  databaseAccess.DBConnection - DBConnection - connection closed
22:07:48.090 [AWT-EventQueue-0] INFO  databaseAccess.DBConnection - DBConnection - connection set
22:07:48.092 [AWT-EventQueue-0] INFO  databaseAccess.DBConnection - DBConnection - connection closed
22:07:48.094 [AWT-EventQueue-0] INFO  databaseAccess.DBConnection - DBConnection - connection set
22:07:48.095 [AWT-EventQueue-0] INFO  databaseAccess.DBConnection - DBConnection - connection closed
22:08:14.793 [AWT-EventQueue-0] INFO  databaseAccess.DBConnection - DBConnection - connection set
22:08:14.795 [AWT-EventQueue-0] INFO  databaseAccess.DBConnection - DBConnection - connection closed
22:08:14.796 [AWT-EventQueue-0] INFO  databaseAccess.DBConnection - DBConnection - connection set
22:08:14.798 [AWT-EventQueue-0] INFO  databaseAccess.DBConnection - DBConnection - connection closed
22:08:14.800 [AWT-EventQueue-0] INFO  databaseAccess.DBConnection - DBConnection - connection set
22:08:14.802 [AWT-EventQueue-0] INFO  databaseAccess.DBConnection - DBConnection - connection closed
22:08:14.804 [AWT-EventQueue-0] INFO  databaseAccess.DBConnection - DBConnection - connection set
22:08:14.805 [AWT-EventQueue-0] INFO  databaseAccess.DBConnection - DBConnection - connection closed
22:11:56.898 [AWT-EventQueue-0] INFO  databaseAccess.DBConnection - DBConnection - connection set
22:11:56.910 [AWT-EventQueue-0] INFO  databaseAccess.DBConnection - DBConnection - connection closed
22:11:56.913 [AWT-EventQueue-0] INFO  databaseAccess.DBConnection - DBConnection - connection set
22:11:56.918 [AWT-EventQueue-0] INFO  databaseAccess.DBConnection - DBConnection - connection closed
22:11:56.920 [AWT-EventQueue-0] INFO  databaseAccess.DBConnection - DBConnection - connection set
22:11:56.923 [AWT-EventQueue-0] INFO  databaseAccess.DBConnection - DBConnection - connection closed
22:11:56.925 [AWT-EventQueue-0] INFO  databaseAccess.DBConnection - DBConnection - connection set
22:11:56.928 [AWT-EventQueue-0] INFO  databaseAccess.DBConnection - DBConnection - connection closed
22:11:56.940 [AWT-EventQueue-0] INFO  userUtilities.LocalUser - New user logged in.
User ID: 1
Username: aaaaa
Accounts List size: 4
Goals List size: 5
History List size: 6
22:14:40.063 [AWT-EventQueue-0] INFO  databaseAccess.DBConnection - DBConnection - connection set
22:14:40.077 [AWT-EventQueue-0] INFO  databaseAccess.DBConnection - DBConnection - connection closed
22:14:40.081 [AWT-EventQueue-0] INFO  databaseAccess.DBConnection - DBConnection - connection set
22:14:40.086 [AWT-EventQueue-0] INFO  databaseAccess.DBConnection - DBConnection - connection closed
22:14:40.087 [AWT-EventQueue-0] INFO  databaseAccess.DBConnection - DBConnection - connection set
22:14:40.091 [AWT-EventQueue-0] INFO  databaseAccess.DBConnection - DBConnection - connection closed
22:14:40.093 [AWT-EventQueue-0] INFO  databaseAccess.DBConnection - DBConnection - connection set
22:14:40.097 [AWT-EventQueue-0] INFO  databaseAccess.DBConnection - DBConnection - connection closed
22:14:40.108 [AWT-EventQueue-0] INFO  userUtilities.LocalUser - New user logged in.
User ID: 1
Username: aaaaa
Accounts List size: 4
Goals List size: 5
History List size: 6
22:17:17.586 [AWT-EventQueue-0] INFO  databaseAccess.DBConnection - DBConnection - connection set
22:17:17.598 [AWT-EventQueue-0] INFO  databaseAccess.DBConnection - DBConnection - connection closed
22:17:17.602 [AWT-EventQueue-0] INFO  databaseAccess.DBConnection - DBConnection - connection set
22:17:17.606 [AWT-EventQueue-0] INFO  databaseAccess.DBConnection - DBConnection - connection closed
22:17:17.608 [AWT-EventQueue-0] INFO  databaseAccess.DBConnection - DBConnection - connection set
22:17:17.612 [AWT-EventQueue-0] INFO  databaseAccess.DBConnection - DBConnection - connection closed
22:17:17.613 [AWT-EventQueue-0] INFO  databaseAccess.DBConnection - DBConnection - connection set
22:17:17.617 [AWT-EventQueue-0] INFO  databaseAccess.DBConnection - DBConnection - connection closed
22:17:17.627 [AWT-EventQueue-0] INFO  userUtilities.LocalUser - New user logged in.
User ID: 1
Username: aaaaa
Accounts List size: 4
Goals List size: 5
History List size: 6
22:18:23.602 [AWT-EventQueue-0] INFO  databaseAccess.DBConnection - DBConnection - connection set
22:18:23.612 [AWT-EventQueue-0] INFO  databaseAccess.DBConnection - DBConnection - connection closed
22:18:23.614 [AWT-EventQueue-0] INFO  databaseAccess.DBConnection - DBConnection - connection set
22:18:23.617 [AWT-EventQueue-0] INFO  databaseAccess.DBConnection - DBConnection - connection closed
22:18:23.619 [AWT-EventQueue-0] INFO  databaseAccess.DBConnection - DBConnection - connection set
22:18:23.621 [AWT-EventQueue-0] INFO  databaseAccess.DBConnection - DBConnection - connection closed
22:18:23.623 [AWT-EventQueue-0] INFO  databaseAccess.DBConnection - DBConnection - connection set
22:18:23.626 [AWT-EventQueue-0] INFO  databaseAccess.DBConnection - DBConnection - connection closed
22:18:23.634 [AWT-EventQueue-0] INFO  userUtilities.LocalUser - New user logged in.
User ID: 1
Username: aaaaa
Accounts List size: 4
Goals List size: 5
History List size: 6
22:20:00.492 [AWT-EventQueue-0] INFO  databaseAccess.DBConnection - DBConnection - connection set
22:20:00.501 [AWT-EventQueue-0] INFO  databaseAccess.DBConnection - DBConnection - connection closed
22:20:00.504 [AWT-EventQueue-0] INFO  databaseAccess.DBConnection - DBConnection - connection set
22:20:00.507 [AWT-EventQueue-0] INFO  databaseAccess.DBConnection - DBConnection - connection closed
22:20:00.508 [AWT-EventQueue-0] INFO  databaseAccess.DBConnection - DBConnection - connection set
22:20:00.511 [AWT-EventQueue-0] INFO  databaseAccess.DBConnection - DBConnection - connection closed
22:20:00.513 [AWT-EventQueue-0] INFO  databaseAccess.DBConnection - DBConnection - connection set
22:20:00.515 [AWT-EventQueue-0] INFO  databaseAccess.DBConnection - DBConnection - connection closed
22:20:00.523 [AWT-EventQueue-0] INFO  userUtilities.LocalUser - New user logged in.
User ID: 1
Username: aaaaa
Accounts List size: 4
Goals List size: 5
History List size: 6
22:21:31.198 [AWT-EventQueue-0] INFO  databaseAccess.DBConnection - DBConnection - connection set
22:21:31.212 [AWT-EventQueue-0] INFO  databaseAccess.DBConnection - DBConnection - connection closed
22:21:31.215 [AWT-EventQueue-0] INFO  databaseAccess.DBConnection - DBConnection - connection set
22:21:31.219 [AWT-EventQueue-0] INFO  databaseAccess.DBConnection - DBConnection - connection closed
22:21:31.221 [AWT-EventQueue-0] INFO  databaseAccess.DBConnection - DBConnection - connection set
22:21:31.224 [AWT-EventQueue-0] INFO  databaseAccess.DBConnection - DBConnection - connection closed
22:21:31.226 [AWT-EventQueue-0] INFO  databaseAccess.DBConnection - DBConnection - connection set
22:21:31.229 [AWT-EventQueue-0] INFO  databaseAccess.DBConnection - DBConnection - connection closed
22:21:31.237 [AWT-EventQueue-0] INFO  userUtilities.LocalUser - New user logged in.
User ID: 1
Username: aaaaa
Accounts List size: 4
Goals List size: 5
History List size: 6
22:21:42.381 [AWT-EventQueue-0] INFO  databaseAccess.DBConnection - DBConnection - connection set
22:21:42.382 [AWT-EventQueue-0] INFO  databaseAccess.DBConnection - DBConnection - connection closed
22:21:42.384 [AWT-EventQueue-0] INFO  databaseAccess.DBConnection - DBConnection - connection set
22:21:42.385 [AWT-EventQueue-0] INFO  databaseAccess.DBConnection - DBConnection - connection closed
22:21:42.387 [AWT-EventQueue-0] INFO  databaseAccess.DBConnection - DBConnection - connection set
22:21:42.388 [AWT-EventQueue-0] INFO  databaseAccess.DBConnection - DBConnection - connection closed
22:21:42.390 [AWT-EventQueue-0] INFO  databaseAccess.DBConnection - DBConnection - connection set
22:21:42.391 [AWT-EventQueue-0] INFO  databaseAccess.DBConnection - DBConnection - connection closed
22:22:31.209 [AWT-EventQueue-0] INFO  databaseAccess.DBConnection - DBConnection - connection set
22:22:31.219 [AWT-EventQueue-0] INFO  databaseAccess.DBConnection - DBConnection - connection closed
22:22:31.222 [AWT-EventQueue-0] INFO  databaseAccess.DBConnection - DBConnection - connection set
22:22:31.225 [AWT-EventQueue-0] INFO  databaseAccess.DBConnection - DBConnection - connection closed
22:22:31.227 [AWT-EventQueue-0] INFO  databaseAccess.DBConnection - DBConnection - connection set
22:22:31.229 [AWT-EventQueue-0] INFO  databaseAccess.DBConnection - DBConnection - connection closed
22:22:31.231 [AWT-EventQueue-0] INFO  databaseAccess.DBConnection - DBConnection - connection set
22:22:31.233 [AWT-EventQueue-0] INFO  databaseAccess.DBConnection - DBConnection - connection closed
22:22:31.241 [AWT-EventQueue-0] INFO  userUtilities.LocalUser - New user logged in.
User ID: 1
Username: aaaaa
Accounts List size: 4
Goals List size: 5
History List size: 6
22:24:04.655 [AWT-EventQueue-0] INFO  databaseAccess.DBConnection - DBConnection - connection set
22:24:04.665 [AWT-EventQueue-0] INFO  databaseAccess.DBConnection - DBConnection - connection closed
22:24:04.667 [AWT-EventQueue-0] INFO  databaseAccess.DBConnection - DBConnection - connection set
22:24:04.671 [AWT-EventQueue-0] INFO  databaseAccess.DBConnection - DBConnection - connection closed
22:24:04.672 [AWT-EventQueue-0] INFO  databaseAccess.DBConnection - DBConnection - connection set
22:24:04.675 [AWT-EventQueue-0] INFO  databaseAccess.DBConnection - DBConnection - connection closed
22:24:04.676 [AWT-EventQueue-0] INFO  databaseAccess.DBConnection - DBConnection - connection set
22:24:04.679 [AWT-EventQueue-0] INFO  databaseAccess.DBConnection - DBConnection - connection closed
22:24:04.687 [AWT-EventQueue-0] INFO  userUtilities.LocalUser - New user logged in.
User ID: 1
Username: aaaaa
Accounts List size: 4
Goals List size: 5
History List size: 6
22:25:33.385 [AWT-EventQueue-0] INFO  databaseAccess.DBConnection - DBConnection - connection set
22:25:33.395 [AWT-EventQueue-0] INFO  databaseAccess.DBConnection - DBConnection - connection closed
22:25:33.398 [AWT-EventQueue-0] INFO  databaseAccess.DBConnection - DBConnection - connection set
22:25:33.401 [AWT-EventQueue-0] INFO  databaseAccess.DBConnection - DBConnection - connection closed
22:25:33.402 [AWT-EventQueue-0] INFO  databaseAccess.DBConnection - DBConnection - connection set
22:25:33.405 [AWT-EventQueue-0] INFO  databaseAccess.DBConnection - DBConnection - connection closed
22:25:33.406 [AWT-EventQueue-0] INFO  databaseAccess.DBConnection - DBConnection - connection set
22:25:33.409 [AWT-EventQueue-0] INFO  databaseAccess.DBConnection - DBConnection - connection closed
22:25:33.417 [AWT-EventQueue-0] INFO  userUtilities.LocalUser - New user logged in.
User ID: 1
Username: aaaaa
Accounts List size: 4
Goals List size: 5
History List size: 6
22:27:27.893 [AWT-EventQueue-0] INFO  databaseAccess.DBConnection - DBConnection - connection set
22:27:27.903 [AWT-EventQueue-0] INFO  databaseAccess.DBConnection - DBConnection - connection closed
22:27:27.905 [AWT-EventQueue-0] INFO  databaseAccess.DBConnection - DBConnection - connection set
22:27:27.909 [AWT-EventQueue-0] INFO  databaseAccess.DBConnection - DBConnection - connection closed
22:27:27.911 [AWT-EventQueue-0] INFO  databaseAccess.DBConnection - DBConnection - connection set
22:27:27.914 [AWT-EventQueue-0] INFO  databaseAccess.DBConnection - DBConnection - connection closed
22:27:27.915 [AWT-EventQueue-0] INFO  databaseAccess.DBConnection - DBConnection - connection set
22:27:27.918 [AWT-EventQueue-0] INFO  databaseAccess.DBConnection - DBConnection - connection closed
22:27:27.925 [AWT-EventQueue-0] INFO  userUtilities.LocalUser - New user logged in.
User ID: 1
Username: aaaaa
Accounts List size: 4
Goals List size: 5
History List size: 6
22:28:16.194 [AWT-EventQueue-0] INFO  databaseAccess.DBConnection - DBConnection - connection set
22:28:16.203 [AWT-EventQueue-0] INFO  databaseAccess.DBConnection - DBConnection - connection closed
22:28:16.206 [AWT-EventQueue-0] INFO  databaseAccess.DBConnection - DBConnection - connection set
22:28:16.210 [AWT-EventQueue-0] INFO  databaseAccess.DBConnection - DBConnection - connection closed
22:28:16.211 [AWT-EventQueue-0] INFO  databaseAccess.DBConnection - DBConnection - connection set
22:28:16.213 [AWT-EventQueue-0] INFO  databaseAccess.DBConnection - DBConnection - connection closed
22:28:16.215 [AWT-EventQueue-0] INFO  databaseAccess.DBConnection - DBConnection - connection set
22:28:16.217 [AWT-EventQueue-0] INFO  databaseAccess.DBConnection - DBConnection - connection closed
22:28:16.225 [AWT-EventQueue-0] INFO  userUtilities.LocalUser - New user logged in.
User ID: 1
Username: aaaaa
Accounts List size: 4
Goals List size: 5
History List size: 6
22:28:57.970 [AWT-EventQueue-0] INFO  databaseAccess.DBConnection - DBConnection - connection set
22:28:57.978 [AWT-EventQueue-0] INFO  databaseAccess.DBConnection - DBConnection - connection closed
22:28:57.980 [AWT-EventQueue-0] INFO  databaseAccess.DBConnection - DBConnection - connection set
22:28:57.984 [AWT-EventQueue-0] INFO  databaseAccess.DBConnection - DBConnection - connection closed
22:28:57.985 [AWT-EventQueue-0] INFO  databaseAccess.DBConnection - DBConnection - connection set
22:28:57.987 [AWT-EventQueue-0] INFO  databaseAccess.DBConnection - DBConnection - connection closed
22:28:57.988 [AWT-EventQueue-0] INFO  databaseAccess.DBConnection - DBConnection - connection set
22:28:57.991 [AWT-EventQueue-0] INFO  databaseAccess.DBConnection - DBConnection - connection closed
22:28:57.998 [AWT-EventQueue-0] INFO  userUtilities.LocalUser - New user logged in.
User ID: 1
Username: aaaaa
Accounts List size: 4
Goals List size: 5
History List size: 6
22:29:38.270 [AWT-EventQueue-0] INFO  databaseAccess.DBConnection - DBConnection - connection set
22:29:38.279 [AWT-EventQueue-0] INFO  databaseAccess.DBConnection - DBConnection - connection closed
22:29:38.282 [AWT-EventQueue-0] INFO  databaseAccess.DBConnection - DBConnection - connection set
22:29:38.286 [AWT-EventQueue-0] INFO  databaseAccess.DBConnection - DBConnection - connection closed
22:29:38.287 [AWT-EventQueue-0] INFO  databaseAccess.DBConnection - DBConnection - connection set
22:29:38.290 [AWT-EventQueue-0] INFO  databaseAccess.DBConnection - DBConnection - connection closed
22:29:38.292 [AWT-EventQueue-0] INFO  databaseAccess.DBConnection - DBConnection - connection set
22:29:38.295 [AWT-EventQueue-0] INFO  databaseAccess.DBConnection - DBConnection - connection closed
22:29:38.302 [AWT-EventQueue-0] INFO  userUtilities.LocalUser - New user logged in.
User ID: 1
Username: aaaaa
Accounts List size: 4
Goals List size: 5
History List size: 6
22:30:28.164 [AWT-EventQueue-0] INFO  databaseAccess.DBConnection - DBConnection - connection set
22:30:28.174 [AWT-EventQueue-0] INFO  databaseAccess.DBConnection - DBConnection - connection closed
22:30:28.176 [AWT-EventQueue-0] INFO  databaseAccess.DBConnection - DBConnection - connection set
22:30:28.179 [AWT-EventQueue-0] INFO  databaseAccess.DBConnection - DBConnection - connection closed
22:30:28.180 [AWT-EventQueue-0] INFO  databaseAccess.DBConnection - DBConnection - connection set
22:30:28.182 [AWT-EventQueue-0] INFO  databaseAccess.DBConnection - DBConnection - connection closed
22:30:28.184 [AWT-EventQueue-0] INFO  databaseAccess.DBConnection - DBConnection - connection set
22:30:28.187 [AWT-EventQueue-0] INFO  databaseAccess.DBConnection - DBConnection - connection closed
22:30:28.194 [AWT-EventQueue-0] INFO  userUtilities.LocalUser - New user logged in.
User ID: 1
Username: aaaaa
Accounts List size: 4
Goals List size: 5
History List size: 6
22:31:06.469 [AWT-EventQueue-0] INFO  databaseAccess.DBConnection - DBConnection - connection set
22:31:06.478 [AWT-EventQueue-0] INFO  databaseAccess.DBConnection - DBConnection - connection closed
22:31:06.480 [AWT-EventQueue-0] INFO  databaseAccess.DBConnection - DBConnection - connection set
22:31:06.483 [AWT-EventQueue-0] INFO  databaseAccess.DBConnection - DBConnection - connection closed
22:31:06.484 [AWT-EventQueue-0] INFO  databaseAccess.DBConnection - DBConnection - connection set
22:31:06.487 [AWT-EventQueue-0] INFO  databaseAccess.DBConnection - DBConnection - connection closed
22:31:06.488 [AWT-EventQueue-0] INFO  databaseAccess.DBConnection - DBConnection - connection set
22:31:06.490 [AWT-EventQueue-0] INFO  databaseAccess.DBConnection - DBConnection - connection closed
22:31:06.498 [AWT-EventQueue-0] INFO  userUtilities.LocalUser - New user logged in.
User ID: 1
Username: aaaaa
Accounts List size: 4
Goals List size: 5
History List size: 6
22:31:24.617 [AWT-EventQueue-0] INFO  databaseAccess.DBConnection - DBConnection - connection set
22:31:24.627 [AWT-EventQueue-0] INFO  databaseAccess.DBConnection - DBConnection - connection closed
22:31:24.630 [AWT-EventQueue-0] INFO  databaseAccess.DBConnection - DBConnection - connection set
22:31:24.633 [AWT-EventQueue-0] INFO  databaseAccess.DBConnection - DBConnection - connection closed
22:31:24.634 [AWT-EventQueue-0] INFO  databaseAccess.DBConnection - DBConnection - connection set
22:31:24.637 [AWT-EventQueue-0] INFO  databaseAccess.DBConnection - DBConnection - connection closed
22:31:24.638 [AWT-EventQueue-0] INFO  databaseAccess.DBConnection - DBConnection - connection set
22:31:24.641 [AWT-EventQueue-0] INFO  databaseAccess.DBConnection - DBConnection - connection closed
22:31:24.648 [AWT-EventQueue-0] INFO  userUtilities.LocalUser - New user logged in.
User ID: 1
Username: aaaaa
Accounts List size: 4
Goals List size: 5
History List size: 6
22:31:47.116 [AWT-EventQueue-0] INFO  databaseAccess.DBConnection - DBConnection - connection set
22:31:47.127 [AWT-EventQueue-0] INFO  databaseAccess.DBConnection - DBConnection - connection closed
22:31:47.131 [AWT-EventQueue-0] INFO  databaseAccess.DBConnection - DBConnection - connection set
22:31:47.135 [AWT-EventQueue-0] INFO  databaseAccess.DBConnection - DBConnection - connection closed
22:31:47.137 [AWT-EventQueue-0] INFO  databaseAccess.DBConnection - DBConnection - connection set
22:31:47.140 [AWT-EventQueue-0] INFO  databaseAccess.DBConnection - DBConnection - connection closed
22:31:47.142 [AWT-EventQueue-0] INFO  databaseAccess.DBConnection - DBConnection - connection set
22:31:47.145 [AWT-EventQueue-0] INFO  databaseAccess.DBConnection - DBConnection - connection closed
22:31:47.154 [AWT-EventQueue-0] INFO  userUtilities.LocalUser - New user logged in.
User ID: 1
Username: aaaaa
Accounts List size: 4
Goals List size: 5
History List size: 6
22:32:29.655 [AWT-EventQueue-0] INFO  databaseAccess.DBConnection - DBConnection - connection set
22:32:29.665 [AWT-EventQueue-0] INFO  databaseAccess.DBConnection - DBConnection - connection closed
22:32:29.668 [AWT-EventQueue-0] INFO  databaseAccess.DBConnection - DBConnection - connection set
22:32:29.671 [AWT-EventQueue-0] INFO  databaseAccess.DBConnection - DBConnection - connection closed
22:32:29.672 [AWT-EventQueue-0] INFO  databaseAccess.DBConnection - DBConnection - connection set
22:32:29.675 [AWT-EventQueue-0] INFO  databaseAccess.DBConnection - DBConnection - connection closed
22:32:29.676 [AWT-EventQueue-0] INFO  databaseAccess.DBConnection - DBConnection - connection set
22:32:29.680 [AWT-EventQueue-0] INFO  databaseAccess.DBConnection - DBConnection - connection closed
22:32:29.687 [AWT-EventQueue-0] INFO  userUtilities.LocalUser - New user logged in.
User ID: 1
Username: aaaaa
Accounts List size: 4
Goals List size: 5
History List size: 6
22:33:26.076 [AWT-EventQueue-0] INFO  databaseAccess.DBConnection - DBConnection - connection set
22:33:26.084 [AWT-EventQueue-0] INFO  databaseAccess.DBConnection - DBConnection - connection closed
22:33:26.087 [AWT-EventQueue-0] INFO  databaseAccess.DBConnection - DBConnection - connection set
22:33:26.090 [AWT-EventQueue-0] INFO  databaseAccess.DBConnection - DBConnection - connection closed
22:33:26.091 [AWT-EventQueue-0] INFO  databaseAccess.DBConnection - DBConnection - connection set
22:33:26.094 [AWT-EventQueue-0] INFO  databaseAccess.DBConnection - DBConnection - connection closed
22:33:26.095 [AWT-EventQueue-0] INFO  databaseAccess.DBConnection - DBConnection - connection set
22:33:26.098 [AWT-EventQueue-0] INFO  databaseAccess.DBConnection - DBConnection - connection closed
22:33:26.106 [AWT-EventQueue-0] INFO  userUtilities.LocalUser - New user logged in.
User ID: 1
Username: aaaaa
Accounts List size: 4
Goals List size: 5
History List size: 6
22:36:23.407 [AWT-EventQueue-0] INFO  databaseAccess.DBConnection - DBConnection - connection set
22:36:23.417 [AWT-EventQueue-0] INFO  databaseAccess.DBConnection - DBConnection - connection closed
22:36:23.420 [AWT-EventQueue-0] INFO  databaseAccess.DBConnection - DBConnection - connection set
22:36:23.425 [AWT-EventQueue-0] INFO  databaseAccess.DBConnection - DBConnection - connection closed
22:36:23.427 [AWT-EventQueue-0] INFO  databaseAccess.DBConnection - DBConnection - connection set
22:36:23.429 [AWT-EventQueue-0] INFO  databaseAccess.DBConnection - DBConnection - connection closed
22:36:23.431 [AWT-EventQueue-0] INFO  databaseAccess.DBConnection - DBConnection - connection set
22:36:23.434 [AWT-EventQueue-0] INFO  databaseAccess.DBConnection - DBConnection - connection closed
22:36:23.443 [AWT-EventQueue-0] INFO  userUtilities.LocalUser - New user logged in.
User ID: 1
Username: aaaaa
Accounts List size: 4
Goals List size: 5
History List size: 6
22:56:26.059 [AWT-EventQueue-0] INFO  databaseAccess.DBConnection - DBConnection - connection set
22:56:26.068 [AWT-EventQueue-0] INFO  databaseAccess.DBConnection - DBConnection - connection closed
22:56:26.070 [AWT-EventQueue-0] INFO  databaseAccess.DBConnection - DBConnection - connection set
22:56:26.074 [AWT-EventQueue-0] INFO  databaseAccess.DBConnection - DBConnection - connection closed
22:56:26.075 [AWT-EventQueue-0] INFO  databaseAccess.DBConnection - DBConnection - connection set
22:56:26.078 [AWT-EventQueue-0] INFO  databaseAccess.DBConnection - DBConnection - connection closed
22:56:26.080 [AWT-EventQueue-0] INFO  databaseAccess.DBConnection - DBConnection - connection set
22:56:26.083 [AWT-EventQueue-0] INFO  databaseAccess.DBConnection - DBConnection - connection closed
22:56:26.090 [AWT-EventQueue-0] INFO  userUtilities.LocalUser - New user logged in.
User ID: 1
Username: aaaaa
Accounts List size: 4
Goals List size: 5
History List size: 6
00:39:36.602 [AWT-EventQueue-0] INFO  databaseAccess.DBConnection - DBConnection - connection set
00:39:36.613 [AWT-EventQueue-0] INFO  databaseAccess.DBConnection - DBConnection - connection closed
00:39:36.616 [AWT-EventQueue-0] INFO  databaseAccess.DBConnection - DBConnection - connection set
00:39:36.620 [AWT-EventQueue-0] INFO  databaseAccess.DBConnection - DBConnection - connection closed
00:39:36.621 [AWT-EventQueue-0] INFO  databaseAccess.DBConnection - DBConnection - connection set
00:39:36.624 [AWT-EventQueue-0] INFO  databaseAccess.DBConnection - DBConnection - connection closed
00:39:36.626 [AWT-EventQueue-0] INFO  databaseAccess.DBConnection - DBConnection - connection set
00:39:36.629 [AWT-EventQueue-0] INFO  databaseAccess.DBConnection - DBConnection - connection closed
00:39:36.637 [AWT-EventQueue-0] INFO  userUtilities.LocalUser - New user logged in.
User ID: 1
Username: aaaaa
Accounts List size: 4
Goals List size: 5
History List size: 6
00:41:24.352 [AWT-EventQueue-0] INFO  databaseAccess.DBConnection - DBConnection - connection set
00:41:24.361 [AWT-EventQueue-0] INFO  databaseAccess.DBConnection - DBConnection - connection closed
00:41:24.364 [AWT-EventQueue-0] INFO  databaseAccess.DBConnection - DBConnection - connection set
00:41:24.367 [AWT-EventQueue-0] INFO  databaseAccess.DBConnection - DBConnection - connection closed
00:41:24.368 [AWT-EventQueue-0] INFO  databaseAccess.DBConnection - DBConnection - connection set
00:41:24.371 [AWT-EventQueue-0] INFO  databaseAccess.DBConnection - DBConnection - connection closed
00:41:24.373 [AWT-EventQueue-0] INFO  databaseAccess.DBConnection - DBConnection - connection set
00:41:24.375 [AWT-EventQueue-0] INFO  databaseAccess.DBConnection - DBConnection - connection closed
00:41:24.382 [AWT-EventQueue-0] INFO  userUtilities.LocalUser - New user logged in.
User ID: 1
Username: aaaaa
Accounts List size: 4
Goals List size: 5
History List size: 6
00:44:58.764 [AWT-EventQueue-0] INFO  databaseAccess.DBConnection - DBConnection - connection set
00:44:58.774 [AWT-EventQueue-0] INFO  databaseAccess.DBConnection - DBConnection - connection closed
00:44:58.776 [AWT-EventQueue-0] INFO  databaseAccess.DBConnection - DBConnection - connection set
00:44:58.779 [AWT-EventQueue-0] INFO  databaseAccess.DBConnection - DBConnection - connection closed
00:44:58.780 [AWT-EventQueue-0] INFO  databaseAccess.DBConnection - DBConnection - connection set
00:44:58.782 [AWT-EventQueue-0] INFO  databaseAccess.DBConnection - DBConnection - connection closed
00:44:58.784 [AWT-EventQueue-0] INFO  databaseAccess.DBConnection - DBConnection - connection set
00:44:58.786 [AWT-EventQueue-0] INFO  databaseAccess.DBConnection - DBConnection - connection closed
00:44:58.794 [AWT-EventQueue-0] INFO  userUtilities.LocalUser - New user logged in.
User ID: 1
Username: aaaaa
Accounts List size: 4
Goals List size: 5
History List size: 6
00:45:50.977 [AWT-EventQueue-0] INFO  databaseAccess.DBConnection - DBConnection - connection set
00:45:50.989 [AWT-EventQueue-0] INFO  databaseAccess.DBConnection - DBConnection - connection closed
00:45:50.994 [AWT-EventQueue-0] INFO  databaseAccess.DBConnection - DBConnection - connection set
00:45:50.999 [AWT-EventQueue-0] INFO  databaseAccess.DBConnection - DBConnection - connection closed
00:45:51.001 [AWT-EventQueue-0] INFO  databaseAccess.DBConnection - DBConnection - connection set
00:45:51.005 [AWT-EventQueue-0] INFO  databaseAccess.DBConnection - DBConnection - connection closed
00:45:51.007 [AWT-EventQueue-0] INFO  databaseAccess.DBConnection - DBConnection - connection set
00:45:51.011 [AWT-EventQueue-0] INFO  databaseAccess.DBConnection - DBConnection - connection closed
00:45:51.023 [AWT-EventQueue-0] INFO  userUtilities.LocalUser - New user logged in.
User ID: 1
Username: aaaaa
Accounts List size: 4
Goals List size: 5
History List size: 6
00:46:51.337 [AWT-EventQueue-0] INFO  databaseAccess.DBConnection - DBConnection - connection set
00:46:51.346 [AWT-EventQueue-0] INFO  databaseAccess.DBConnection - DBConnection - connection closed
00:46:51.349 [AWT-EventQueue-0] INFO  databaseAccess.DBConnection - DBConnection - connection set
00:46:51.353 [AWT-EventQueue-0] INFO  databaseAccess.DBConnection - DBConnection - connection closed
00:46:51.354 [AWT-EventQueue-0] INFO  databaseAccess.DBConnection - DBConnection - connection set
00:46:51.356 [AWT-EventQueue-0] INFO  databaseAccess.DBConnection - DBConnection - connection closed
00:46:51.357 [AWT-EventQueue-0] INFO  databaseAccess.DBConnection - DBConnection - connection set
00:46:51.360 [AWT-EventQueue-0] INFO  databaseAccess.DBConnection - DBConnection - connection closed
00:46:51.366 [AWT-EventQueue-0] INFO  userUtilities.LocalUser - New user logged in.
User ID: 1
Username: aaaaa
Accounts List size: 4
Goals List size: 5
History List size: 6
00:47:51.891 [AWT-EventQueue-0] INFO  databaseAccess.DBConnection - DBConnection - connection set
00:47:51.902 [AWT-EventQueue-0] INFO  databaseAccess.DBConnection - DBConnection - connection closed
00:47:51.905 [AWT-EventQueue-0] INFO  databaseAccess.DBConnection - DBConnection - connection set
00:47:51.908 [AWT-EventQueue-0] INFO  databaseAccess.DBConnection - DBConnection - connection closed
00:47:51.910 [AWT-EventQueue-0] INFO  databaseAccess.DBConnection - DBConnection - connection set
00:47:51.913 [AWT-EventQueue-0] INFO  databaseAccess.DBConnection - DBConnection - connection closed
00:47:51.914 [AWT-EventQueue-0] INFO  databaseAccess.DBConnection - DBConnection - connection set
00:47:51.917 [AWT-EventQueue-0] INFO  databaseAccess.DBConnection - DBConnection - connection closed
00:47:51.925 [AWT-EventQueue-0] INFO  userUtilities.LocalUser - New user logged in.
User ID: 1
Username: aaaaa
Accounts List size: 4
Goals List size: 5
History List size: 6
00:48:33.849 [AWT-EventQueue-0] INFO  databaseAccess.DBConnection - DBConnection - connection set
00:48:33.863 [AWT-EventQueue-0] INFO  databaseAccess.DBConnection - DBConnection - connection closed
00:48:33.866 [AWT-EventQueue-0] INFO  databaseAccess.DBConnection - DBConnection - connection set
00:48:33.871 [AWT-EventQueue-0] INFO  databaseAccess.DBConnection - DBConnection - connection closed
00:48:33.873 [AWT-EventQueue-0] INFO  databaseAccess.DBConnection - DBConnection - connection set
00:48:33.876 [AWT-EventQueue-0] INFO  databaseAccess.DBConnection - DBConnection - connection closed
00:48:33.877 [AWT-EventQueue-0] INFO  databaseAccess.DBConnection - DBConnection - connection set
00:48:33.882 [AWT-EventQueue-0] INFO  databaseAccess.DBConnection - DBConnection - connection closed
00:48:33.895 [AWT-EventQueue-0] INFO  userUtilities.LocalUser - New user logged in.
User ID: 1
Username: aaaaa
Accounts List size: 4
Goals List size: 5
History List size: 6
00:55:38.790 [AWT-EventQueue-0] INFO  databaseAccess.DBConnection - DBConnection - connection set
00:55:38.804 [AWT-EventQueue-0] INFO  databaseAccess.DBConnection - DBConnection - connection closed
00:55:38.807 [AWT-EventQueue-0] INFO  databaseAccess.DBConnection - DBConnection - connection set
00:55:38.812 [AWT-EventQueue-0] INFO  databaseAccess.DBConnection - DBConnection - connection closed
00:55:38.814 [AWT-EventQueue-0] INFO  databaseAccess.DBConnection - DBConnection - connection set
00:55:38.818 [AWT-EventQueue-0] INFO  databaseAccess.DBConnection - DBConnection - connection closed
00:55:38.819 [AWT-EventQueue-0] INFO  databaseAccess.DBConnection - DBConnection - connection set
00:55:38.822 [AWT-EventQueue-0] INFO  databaseAccess.DBConnection - DBConnection - connection closed
00:55:38.833 [AWT-EventQueue-0] INFO  userUtilities.LocalUser - New user logged in.
User ID: 1
Username: aaaaa
Accounts List size: 4
Goals List size: 5
History List size: 6
00:56:08.988 [AWT-EventQueue-0] INFO  databaseAccess.DBConnection - DBConnection - connection set
00:56:09.005 [AWT-EventQueue-0] INFO  databaseAccess.DBConnection - DBConnection - connection closed
00:56:09.009 [AWT-EventQueue-0] INFO  databaseAccess.DBConnection - DBConnection - connection set
00:56:09.015 [AWT-EventQueue-0] INFO  databaseAccess.DBConnection - DBConnection - connection closed
00:56:09.017 [AWT-EventQueue-0] INFO  databaseAccess.DBConnection - DBConnection - connection set
00:56:09.022 [AWT-EventQueue-0] INFO  databaseAccess.DBConnection - DBConnection - connection closed
00:56:09.025 [AWT-EventQueue-0] INFO  databaseAccess.DBConnection - DBConnection - connection set
00:56:09.030 [AWT-EventQueue-0] INFO  databaseAccess.DBConnection - DBConnection - connection closed
00:56:09.046 [AWT-EventQueue-0] INFO  userUtilities.LocalUser - New user logged in.
User ID: 1
Username: aaaaa
Accounts List size: 4
Goals List size: 5
History List size: 6
00:57:15.492 [AWT-EventQueue-0] INFO  databaseAccess.DBConnection - DBConnection - connection set
00:57:15.501 [AWT-EventQueue-0] INFO  databaseAccess.DBConnection - DBConnection - connection closed
00:57:15.504 [AWT-EventQueue-0] INFO  databaseAccess.DBConnection - DBConnection - connection set
00:57:15.508 [AWT-EventQueue-0] INFO  databaseAccess.DBConnection - DBConnection - connection closed
00:57:15.509 [AWT-EventQueue-0] INFO  databaseAccess.DBConnection - DBConnection - connection set
00:57:15.513 [AWT-EventQueue-0] INFO  databaseAccess.DBConnection - DBConnection - connection closed
00:57:15.515 [AWT-EventQueue-0] INFO  databaseAccess.DBConnection - DBConnection - connection set
00:57:15.518 [AWT-EventQueue-0] INFO  databaseAccess.DBConnection - DBConnection - connection closed
00:57:15.525 [AWT-EventQueue-0] INFO  userUtilities.LocalUser - New user logged in.
User ID: 1
Username: aaaaa
Accounts List size: 4
Goals List size: 5
History List size: 6
00:57:18.132 [AWT-EventQueue-0] INFO  databaseAccess.DBConnection - DBConnection - connection set
00:57:18.137 [AWT-EventQueue-0] INFO  databaseAccess.DBConnection - DBConnection - connection closed
00:57:18.140 [AWT-EventQueue-0] INFO  databaseAccess.DBConnection - DBConnection - connection set
00:57:18.141 [AWT-EventQueue-0] INFO  databaseAccess.DBConnection - DBConnection - connection closed
00:57:18.142 [AWT-EventQueue-0] INFO  databaseAccess.DBConnection - DBConnection - connection set
00:57:18.144 [AWT-EventQueue-0] INFO  databaseAccess.DBConnection - DBConnection - connection closed
00:57:18.145 [AWT-EventQueue-0] INFO  databaseAccess.DBConnection - DBConnection - connection set
00:57:18.146 [AWT-EventQueue-0] INFO  databaseAccess.DBConnection - DBConnection - connection closed
00:58:57.898 [AWT-EventQueue-0] INFO  databaseAccess.DBConnection - DBConnection - connection set
00:58:57.907 [AWT-EventQueue-0] INFO  databaseAccess.DBConnection - DBConnection - connection closed
00:58:57.909 [AWT-EventQueue-0] INFO  databaseAccess.DBConnection - DBConnection - connection set
00:58:57.912 [AWT-EventQueue-0] INFO  databaseAccess.DBConnection - DBConnection - connection closed
00:58:57.913 [AWT-EventQueue-0] INFO  databaseAccess.DBConnection - DBConnection - connection set
00:58:57.916 [AWT-EventQueue-0] INFO  databaseAccess.DBConnection - DBConnection - connection closed
00:58:57.917 [AWT-EventQueue-0] INFO  databaseAccess.DBConnection - DBConnection - connection set
00:58:57.920 [AWT-EventQueue-0] INFO  databaseAccess.DBConnection - DBConnection - connection closed
00:58:57.927 [AWT-EventQueue-0] INFO  userUtilities.LocalUser - New user logged in.
User ID: 1
Username: aaaaa
Accounts List size: 4
Goals List size: 5
History List size: 6
00:59:35.209 [AWT-EventQueue-0] INFO  databaseAccess.DBConnection - DBConnection - connection set
00:59:35.224 [AWT-EventQueue-0] INFO  databaseAccess.DBConnection - DBConnection - connection closed
00:59:35.227 [AWT-EventQueue-0] INFO  databaseAccess.DBConnection - DBConnection - connection set
00:59:35.232 [AWT-EventQueue-0] INFO  databaseAccess.DBConnection - DBConnection - connection closed
00:59:35.235 [AWT-EventQueue-0] INFO  databaseAccess.DBConnection - DBConnection - connection set
00:59:35.239 [AWT-EventQueue-0] INFO  databaseAccess.DBConnection - DBConnection - connection closed
00:59:35.241 [AWT-EventQueue-0] INFO  databaseAccess.DBConnection - DBConnection - connection set
00:59:35.245 [AWT-EventQueue-0] INFO  databaseAccess.DBConnection - DBConnection - connection closed
00:59:35.254 [AWT-EventQueue-0] INFO  userUtilities.LocalUser - New user logged in.
User ID: 1
Username: aaaaa
Accounts List size: 4
Goals List size: 5
History List size: 6
01:00:02.029 [AWT-EventQueue-0] INFO  databaseAccess.DBConnection - DBConnection - connection set
01:00:02.041 [AWT-EventQueue-0] INFO  databaseAccess.DBConnection - DBConnection - connection closed
01:00:02.044 [AWT-EventQueue-0] INFO  databaseAccess.DBConnection - DBConnection - connection set
01:00:02.049 [AWT-EventQueue-0] INFO  databaseAccess.DBConnection - DBConnection - connection closed
01:00:02.050 [AWT-EventQueue-0] INFO  databaseAccess.DBConnection - DBConnection - connection set
01:00:02.054 [AWT-EventQueue-0] INFO  databaseAccess.DBConnection - DBConnection - connection closed
01:00:02.055 [AWT-EventQueue-0] INFO  databaseAccess.DBConnection - DBConnection - connection set
01:00:02.058 [AWT-EventQueue-0] INFO  databaseAccess.DBConnection - DBConnection - connection closed
01:00:02.068 [AWT-EventQueue-0] INFO  userUtilities.LocalUser - New user logged in.
User ID: 1
Username: aaaaa
Accounts List size: 4
Goals List size: 5
History List size: 6
01:00:39.105 [AWT-EventQueue-0] INFO  databaseAccess.DBConnection - DBConnection - connection set
01:00:39.114 [AWT-EventQueue-0] INFO  databaseAccess.DBConnection - DBConnection - connection closed
01:00:39.117 [AWT-EventQueue-0] INFO  databaseAccess.DBConnection - DBConnection - connection set
01:00:39.120 [AWT-EventQueue-0] INFO  databaseAccess.DBConnection - DBConnection - connection closed
01:00:39.122 [AWT-EventQueue-0] INFO  databaseAccess.DBConnection - DBConnection - connection set
01:00:39.125 [AWT-EventQueue-0] INFO  databaseAccess.DBConnection - DBConnection - connection closed
01:00:39.126 [AWT-EventQueue-0] INFO  databaseAccess.DBConnection - DBConnection - connection set
01:00:39.129 [AWT-EventQueue-0] INFO  databaseAccess.DBConnection - DBConnection - connection closed
01:00:39.138 [AWT-EventQueue-0] INFO  userUtilities.LocalUser - New user logged in.
User ID: 1
Username: aaaaa
Accounts List size: 4
Goals List size: 5
History List size: 6
01:01:30.991 [AWT-EventQueue-0] INFO  databaseAccess.DBConnection - DBConnection - connection set
01:01:31.003 [AWT-EventQueue-0] INFO  databaseAccess.DBConnection - DBConnection - connection closed
01:01:31.006 [AWT-EventQueue-0] INFO  databaseAccess.DBConnection - DBConnection - connection set
01:01:31.010 [AWT-EventQueue-0] INFO  databaseAccess.DBConnection - DBConnection - connection closed
01:01:31.012 [AWT-EventQueue-0] INFO  databaseAccess.DBConnection - DBConnection - connection set
01:01:31.016 [AWT-EventQueue-0] INFO  databaseAccess.DBConnection - DBConnection - connection closed
01:01:31.017 [AWT-EventQueue-0] INFO  databaseAccess.DBConnection - DBConnection - connection set
01:01:31.022 [AWT-EventQueue-0] INFO  databaseAccess.DBConnection - DBConnection - connection closed
01:01:31.032 [AWT-EventQueue-0] INFO  userUtilities.LocalUser - New user logged in.
User ID: 1
Username: aaaaa
Accounts List size: 4
Goals List size: 5
History List size: 6
01:02:42.565 [AWT-EventQueue-0] INFO  databaseAccess.DBConnection - DBConnection - connection set
01:02:42.574 [AWT-EventQueue-0] INFO  databaseAccess.DBConnection - DBConnection - connection closed
01:02:42.577 [AWT-EventQueue-0] INFO  databaseAccess.DBConnection - DBConnection - connection set
01:02:42.580 [AWT-EventQueue-0] INFO  databaseAccess.DBConnection - DBConnection - connection closed
01:02:42.581 [AWT-EventQueue-0] INFO  databaseAccess.DBConnection - DBConnection - connection set
01:02:42.583 [AWT-EventQueue-0] INFO  databaseAccess.DBConnection - DBConnection - connection closed
01:02:42.584 [AWT-EventQueue-0] INFO  databaseAccess.DBConnection - DBConnection - connection set
01:02:42.586 [AWT-EventQueue-0] INFO  databaseAccess.DBConnection - DBConnection - connection closed
01:02:42.593 [AWT-EventQueue-0] INFO  userUtilities.LocalUser - New user logged in.
User ID: 1
Username: aaaaa
Accounts List size: 4
Goals List size: 5
History List size: 6
01:03:56.305 [AWT-EventQueue-0] INFO  databaseAccess.DBConnection - DBConnection - connection set
01:03:56.317 [AWT-EventQueue-0] INFO  databaseAccess.DBConnection - DBConnection - connection closed
01:03:56.320 [AWT-EventQueue-0] INFO  databaseAccess.DBConnection - DBConnection - connection set
01:03:56.324 [AWT-EventQueue-0] INFO  databaseAccess.DBConnection - DBConnection - connection closed
01:03:56.326 [AWT-EventQueue-0] INFO  databaseAccess.DBConnection - DBConnection - connection set
01:03:56.329 [AWT-EventQueue-0] INFO  databaseAccess.DBConnection - DBConnection - connection closed
01:03:56.331 [AWT-EventQueue-0] INFO  databaseAccess.DBConnection - DBConnection - connection set
01:03:56.334 [AWT-EventQueue-0] INFO  databaseAccess.DBConnection - DBConnection - connection closed
01:03:56.344 [AWT-EventQueue-0] INFO  userUtilities.LocalUser - New user logged in.
User ID: 1
Username: aaaaa
Accounts List size: 4
Goals List size: 5
History List size: 6
01:04:40.404 [AWT-EventQueue-0] INFO  databaseAccess.DBConnection - DBConnection - connection set
01:04:40.416 [AWT-EventQueue-0] INFO  databaseAccess.DBConnection - DBConnection - connection closed
01:04:40.419 [AWT-EventQueue-0] INFO  databaseAccess.DBConnection - DBConnection - connection set
01:04:40.422 [AWT-EventQueue-0] INFO  databaseAccess.DBConnection - DBConnection - connection closed
01:04:40.425 [AWT-EventQueue-0] INFO  databaseAccess.DBConnection - DBConnection - connection set
01:04:40.428 [AWT-EventQueue-0] INFO  databaseAccess.DBConnection - DBConnection - connection closed
01:04:40.430 [AWT-EventQueue-0] INFO  databaseAccess.DBConnection - DBConnection - connection set
01:04:40.433 [AWT-EventQueue-0] INFO  databaseAccess.DBConnection - DBConnection - connection closed
01:04:40.443 [AWT-EventQueue-0] INFO  userUtilities.LocalUser - New user logged in.
User ID: 1
Username: aaaaa
Accounts List size: 4
Goals List size: 5
History List size: 6
01:07:57.442 [AWT-EventQueue-0] INFO  databaseAccess.DBConnection - DBConnection - connection set
01:07:57.451 [AWT-EventQueue-0] INFO  databaseAccess.DBConnection - DBConnection - connection closed
01:07:57.453 [AWT-EventQueue-0] INFO  databaseAccess.DBConnection - DBConnection - connection set
01:07:57.457 [AWT-EventQueue-0] INFO  databaseAccess.DBConnection - DBConnection - connection closed
01:07:57.458 [AWT-EventQueue-0] INFO  databaseAccess.DBConnection - DBConnection - connection set
01:07:57.461 [AWT-EventQueue-0] INFO  databaseAccess.DBConnection - DBConnection - connection closed
01:07:57.462 [AWT-EventQueue-0] INFO  databaseAccess.DBConnection - DBConnection - connection set
01:07:57.464 [AWT-EventQueue-0] INFO  databaseAccess.DBConnection - DBConnection - connection closed
01:07:57.472 [AWT-EventQueue-0] INFO  userUtilities.LocalUser - New user logged in.
User ID: 1
Username: aaaaa
Accounts List size: 4
Goals List size: 5
History List size: 6
01:08:39.015 [AWT-EventQueue-0] INFO  databaseAccess.DBConnection - DBConnection - connection set
01:08:39.024 [AWT-EventQueue-0] INFO  databaseAccess.DBConnection - DBConnection - connection closed
01:08:39.027 [AWT-EventQueue-0] INFO  databaseAccess.DBConnection - DBConnection - connection set
01:08:39.031 [AWT-EventQueue-0] INFO  databaseAccess.DBConnection - DBConnection - connection closed
01:08:39.032 [AWT-EventQueue-0] INFO  databaseAccess.DBConnection - DBConnection - connection set
01:08:39.035 [AWT-EventQueue-0] INFO  databaseAccess.DBConnection - DBConnection - connection closed
01:08:39.037 [AWT-EventQueue-0] INFO  databaseAccess.DBConnection - DBConnection - connection set
01:08:39.040 [AWT-EventQueue-0] INFO  databaseAccess.DBConnection - DBConnection - connection closed
01:08:39.050 [AWT-EventQueue-0] INFO  userUtilities.LocalUser - New user logged in.
User ID: 1
Username: aaaaa
Accounts List size: 4
Goals List size: 5
History List size: 6
01:11:30.538 [AWT-EventQueue-0] INFO  databaseAccess.DBConnection - DBConnection - connection set
01:11:30.550 [AWT-EventQueue-0] INFO  databaseAccess.DBConnection - DBConnection - connection closed
01:11:30.553 [AWT-EventQueue-0] INFO  databaseAccess.DBConnection - DBConnection - connection set
01:11:30.557 [AWT-EventQueue-0] INFO  databaseAccess.DBConnection - DBConnection - connection closed
01:11:30.559 [AWT-EventQueue-0] INFO  databaseAccess.DBConnection - DBConnection - connection set
01:11:30.562 [AWT-EventQueue-0] INFO  databaseAccess.DBConnection - DBConnection - connection closed
01:11:30.564 [AWT-EventQueue-0] INFO  databaseAccess.DBConnection - DBConnection - connection set
01:11:30.568 [AWT-EventQueue-0] INFO  databaseAccess.DBConnection - DBConnection - connection closed
01:11:30.578 [AWT-EventQueue-0] INFO  userUtilities.LocalUser - New user logged in.
User ID: 1
Username: aaaaa
Accounts List size: 4
Goals List size: 5
History List size: 6
01:12:39.269 [AWT-EventQueue-0] INFO  databaseAccess.DBConnection - DBConnection - connection set
01:12:39.282 [AWT-EventQueue-0] INFO  databaseAccess.DBConnection - DBConnection - connection closed
01:12:39.285 [AWT-EventQueue-0] INFO  databaseAccess.DBConnection - DBConnection - connection set
01:12:39.290 [AWT-EventQueue-0] INFO  databaseAccess.DBConnection - DBConnection - connection closed
01:12:39.291 [AWT-EventQueue-0] INFO  databaseAccess.DBConnection - DBConnection - connection set
01:12:39.295 [AWT-EventQueue-0] INFO  databaseAccess.DBConnection - DBConnection - connection closed
01:12:39.297 [AWT-EventQueue-0] INFO  databaseAccess.DBConnection - DBConnection - connection set
01:12:39.300 [AWT-EventQueue-0] INFO  databaseAccess.DBConnection - DBConnection - connection closed
01:12:39.311 [AWT-EventQueue-0] INFO  userUtilities.LocalUser - New user logged in.
User ID: 1
Username: aaaaa
Accounts List size: 4
Goals List size: 5
History List size: 6
01:13:45.980 [AWT-EventQueue-0] INFO  databaseAccess.DBConnection - DBConnection - connection set
01:13:45.989 [AWT-EventQueue-0] INFO  databaseAccess.DBConnection - DBConnection - connection closed
01:13:45.992 [AWT-EventQueue-0] INFO  databaseAccess.DBConnection - DBConnection - connection set
01:13:45.995 [AWT-EventQueue-0] INFO  databaseAccess.DBConnection - DBConnection - connection closed
01:13:45.997 [AWT-EventQueue-0] INFO  databaseAccess.DBConnection - DBConnection - connection set
01:13:46.000 [AWT-EventQueue-0] INFO  databaseAccess.DBConnection - DBConnection - connection closed
01:13:46.001 [AWT-EventQueue-0] INFO  databaseAccess.DBConnection - DBConnection - connection set
01:13:46.003 [AWT-EventQueue-0] INFO  databaseAccess.DBConnection - DBConnection - connection closed
01:13:46.010 [AWT-EventQueue-0] INFO  userUtilities.LocalUser - New user logged in.
User ID: 1
Username: aaaaa
Accounts List size: 4
Goals List size: 5
History List size: 6
01:15:40.019 [AWT-EventQueue-0] INFO  databaseAccess.DBConnection - DBConnection - connection set
01:15:40.033 [AWT-EventQueue-0] INFO  databaseAccess.DBConnection - DBConnection - connection closed
01:15:40.036 [AWT-EventQueue-0] INFO  databaseAccess.DBConnection - DBConnection - connection set
01:15:40.041 [AWT-EventQueue-0] INFO  databaseAccess.DBConnection - DBConnection - connection closed
01:15:40.042 [AWT-EventQueue-0] INFO  databaseAccess.DBConnection - DBConnection - connection set
01:15:40.046 [AWT-EventQueue-0] INFO  databaseAccess.DBConnection - DBConnection - connection closed
01:15:40.048 [AWT-EventQueue-0] INFO  databaseAccess.DBConnection - DBConnection - connection set
01:15:40.052 [AWT-EventQueue-0] INFO  databaseAccess.DBConnection - DBConnection - connection closed
01:15:40.060 [AWT-EventQueue-0] INFO  userUtilities.LocalUser - New user logged in.
User ID: 1
Username: aaaaa
Accounts List size: 4
Goals List size: 5
History List size: 6
01:17:36.387 [AWT-EventQueue-0] INFO  databaseAccess.DBConnection - DBConnection - connection set
01:17:36.397 [AWT-EventQueue-0] INFO  databaseAccess.DBConnection - DBConnection - connection closed
01:17:36.400 [AWT-EventQueue-0] INFO  databaseAccess.DBConnection - DBConnection - connection set
01:17:36.403 [AWT-EventQueue-0] INFO  databaseAccess.DBConnection - DBConnection - connection closed
01:17:36.404 [AWT-EventQueue-0] INFO  databaseAccess.DBConnection - DBConnection - connection set
01:17:36.407 [AWT-EventQueue-0] INFO  databaseAccess.DBConnection - DBConnection - connection closed
01:17:36.408 [AWT-EventQueue-0] INFO  databaseAccess.DBConnection - DBConnection - connection set
01:17:36.410 [AWT-EventQueue-0] INFO  databaseAccess.DBConnection - DBConnection - connection closed
01:17:36.417 [AWT-EventQueue-0] INFO  userUtilities.LocalUser - New user logged in.
User ID: 1
Username: aaaaa
Accounts List size: 4
Goals List size: 5
History List size: 6
01:18:13.199 [AWT-EventQueue-0] INFO  databaseAccess.DBConnection - DBConnection - connection set
01:18:13.209 [AWT-EventQueue-0] INFO  databaseAccess.DBConnection - DBConnection - connection closed
01:18:13.212 [AWT-EventQueue-0] INFO  databaseAccess.DBConnection - DBConnection - connection set
01:18:13.216 [AWT-EventQueue-0] INFO  databaseAccess.DBConnection - DBConnection - connection closed
01:18:13.217 [AWT-EventQueue-0] INFO  databaseAccess.DBConnection - DBConnection - connection set
01:18:13.219 [AWT-EventQueue-0] INFO  databaseAccess.DBConnection - DBConnection - connection closed
01:18:13.220 [AWT-EventQueue-0] INFO  databaseAccess.DBConnection - DBConnection - connection set
01:18:13.223 [AWT-EventQueue-0] INFO  databaseAccess.DBConnection - DBConnection - connection closed
01:18:13.230 [AWT-EventQueue-0] INFO  userUtilities.LocalUser - New user logged in.
User ID: 1
Username: aaaaa
Accounts List size: 4
Goals List size: 5
History List size: 6
01:23:28.395 [AWT-EventQueue-0] INFO  databaseAccess.DBConnection - DBConnection - connection set
01:23:28.407 [AWT-EventQueue-0] INFO  databaseAccess.DBConnection - DBConnection - connection closed
01:23:28.411 [AWT-EventQueue-0] INFO  databaseAccess.DBConnection - DBConnection - connection set
01:23:28.415 [AWT-EventQueue-0] INFO  databaseAccess.DBConnection - DBConnection - connection closed
01:23:28.417 [AWT-EventQueue-0] INFO  databaseAccess.DBConnection - DBConnection - connection set
01:23:28.421 [AWT-EventQueue-0] INFO  databaseAccess.DBConnection - DBConnection - connection closed
01:23:28.422 [AWT-EventQueue-0] INFO  databaseAccess.DBConnection - DBConnection - connection set
01:23:28.426 [AWT-EventQueue-0] INFO  databaseAccess.DBConnection - DBConnection - connection closed
01:23:28.437 [AWT-EventQueue-0] INFO  userUtilities.LocalUser - New user logged in.
User ID: 1
Username: aaaaa
Accounts List size: 4
Goals List size: 5
History List size: 6
01:24:40.214 [AWT-EventQueue-0] INFO  databaseAccess.DBConnection - DBConnection - connection set
01:24:40.227 [AWT-EventQueue-0] INFO  databaseAccess.DBConnection - DBConnection - connection closed
01:24:40.231 [AWT-EventQueue-0] INFO  databaseAccess.DBConnection - DBConnection - connection set
01:24:40.236 [AWT-EventQueue-0] INFO  databaseAccess.DBConnection - DBConnection - connection closed
01:24:40.238 [AWT-EventQueue-0] INFO  databaseAccess.DBConnection - DBConnection - connection set
01:24:40.242 [AWT-EventQueue-0] INFO  databaseAccess.DBConnection - DBConnection - connection closed
01:24:40.244 [AWT-EventQueue-0] INFO  databaseAccess.DBConnection - DBConnection - connection set
01:24:40.247 [AWT-EventQueue-0] INFO  databaseAccess.DBConnection - DBConnection - connection closed
01:24:40.257 [AWT-EventQueue-0] INFO  userUtilities.LocalUser - New user logged in.
User ID: 1
Username: aaaaa
Accounts List size: 4
Goals List size: 5
History List size: 6
01:25:32.620 [AWT-EventQueue-0] INFO  databaseAccess.DBConnection - DBConnection - connection set
01:25:32.629 [AWT-EventQueue-0] INFO  databaseAccess.DBConnection - DBConnection - connection closed
01:25:32.632 [AWT-EventQueue-0] INFO  databaseAccess.DBConnection - DBConnection - connection set
01:25:32.637 [AWT-EventQueue-0] INFO  databaseAccess.DBConnection - DBConnection - connection closed
01:25:32.638 [AWT-EventQueue-0] INFO  databaseAccess.DBConnection - DBConnection - connection set
01:25:32.642 [AWT-EventQueue-0] INFO  databaseAccess.DBConnection - DBConnection - connection closed
01:25:32.644 [AWT-EventQueue-0] INFO  databaseAccess.DBConnection - DBConnection - connection set
01:25:32.648 [AWT-EventQueue-0] INFO  databaseAccess.DBConnection - DBConnection - connection closed
01:25:32.658 [AWT-EventQueue-0] INFO  userUtilities.LocalUser - New user logged in.
User ID: 1
Username: aaaaa
Accounts List size: 4
Goals List size: 5
History List size: 6
01:26:31.869 [AWT-EventQueue-0] INFO  databaseAccess.DBConnection - DBConnection - connection set
01:26:31.880 [AWT-EventQueue-0] INFO  databaseAccess.DBConnection - DBConnection - connection closed
01:26:31.884 [AWT-EventQueue-0] INFO  databaseAccess.DBConnection - DBConnection - connection set
01:26:31.888 [AWT-EventQueue-0] INFO  databaseAccess.DBConnection - DBConnection - connection closed
01:26:31.890 [AWT-EventQueue-0] INFO  databaseAccess.DBConnection - DBConnection - connection set
01:26:31.893 [AWT-EventQueue-0] INFO  databaseAccess.DBConnection - DBConnection - connection closed
01:26:31.895 [AWT-EventQueue-0] INFO  databaseAccess.DBConnection - DBConnection - connection set
01:26:31.899 [AWT-EventQueue-0] INFO  databaseAccess.DBConnection - DBConnection - connection closed
01:26:31.911 [AWT-EventQueue-0] INFO  userUtilities.LocalUser - New user logged in.
User ID: 1
Username: aaaaa
Accounts List size: 4
Goals List size: 5
History List size: 6
02:01:35.346 [AWT-EventQueue-0] INFO  databaseAccess.DBConnection - DBConnection - connection set
02:01:35.356 [AWT-EventQueue-0] INFO  databaseAccess.DBConnection - DBConnection - connection closed
02:01:35.359 [AWT-EventQueue-0] INFO  databaseAccess.DBConnection - DBConnection - connection set
02:01:35.362 [AWT-EventQueue-0] INFO  databaseAccess.DBConnection - DBConnection - connection closed
02:01:35.364 [AWT-EventQueue-0] INFO  databaseAccess.DBConnection - DBConnection - connection set
02:01:35.367 [AWT-EventQueue-0] INFO  databaseAccess.DBConnection - DBConnection - connection closed
02:01:35.369 [AWT-EventQueue-0] INFO  databaseAccess.DBConnection - DBConnection - connection set
02:01:35.371 [AWT-EventQueue-0] INFO  databaseAccess.DBConnection - DBConnection - connection closed
02:01:35.380 [AWT-EventQueue-0] INFO  userUtilities.LocalUser - New user logged in.
User ID: 1
Username: aaaaa
Accounts List size: 4
Goals List size: 5
History List size: 6
02:04:10.082 [AWT-EventQueue-0] INFO  databaseAccess.DBConnection - DBConnection - connection set
02:04:10.090 [AWT-EventQueue-0] INFO  databaseAccess.DBConnection - DBConnection - connection closed
02:04:10.094 [AWT-EventQueue-0] INFO  databaseAccess.DBConnection - DBConnection - connection set
02:04:10.097 [AWT-EventQueue-0] INFO  databaseAccess.DBConnection - DBConnection - connection closed
02:04:10.098 [AWT-EventQueue-0] INFO  databaseAccess.DBConnection - DBConnection - connection set
02:04:10.101 [AWT-EventQueue-0] INFO  databaseAccess.DBConnection - DBConnection - connection closed
02:04:10.102 [AWT-EventQueue-0] INFO  databaseAccess.DBConnection - DBConnection - connection set
02:04:10.106 [AWT-EventQueue-0] INFO  databaseAccess.DBConnection - DBConnection - connection closed
02:04:10.113 [AWT-EventQueue-0] INFO  userUtilities.LocalUser - New user logged in.
User ID: 1
Username: aaaaa
Accounts List size: 4
Goals List size: 5
History List size: 6
02:06:27.093 [AWT-EventQueue-0] INFO  databaseAccess.DBConnection - DBConnection - connection set
02:06:27.103 [AWT-EventQueue-0] INFO  databaseAccess.DBConnection - DBConnection - connection closed
02:06:27.106 [AWT-EventQueue-0] INFO  databaseAccess.DBConnection - DBConnection - connection set
02:06:27.110 [AWT-EventQueue-0] INFO  databaseAccess.DBConnection - DBConnection - connection closed
02:06:27.111 [AWT-EventQueue-0] INFO  databaseAccess.DBConnection - DBConnection - connection set
02:06:27.114 [AWT-EventQueue-0] INFO  databaseAccess.DBConnection - DBConnection - connection closed
02:06:27.115 [AWT-EventQueue-0] INFO  databaseAccess.DBConnection - DBConnection - connection set
02:06:27.118 [AWT-EventQueue-0] INFO  databaseAccess.DBConnection - DBConnection - connection closed
02:06:27.126 [AWT-EventQueue-0] INFO  userUtilities.LocalUser - New user logged in.
User ID: 1
Username: aaaaa
Accounts List size: 4
Goals List size: 5
History List size: 6
02:07:08.288 [AWT-EventQueue-0] INFO  databaseAccess.DBConnection - DBConnection - connection set
02:07:08.297 [AWT-EventQueue-0] INFO  databaseAccess.DBConnection - DBConnection - connection closed
02:07:08.300 [AWT-EventQueue-0] INFO  databaseAccess.DBConnection - DBConnection - connection set
02:07:08.303 [AWT-EventQueue-0] INFO  databaseAccess.DBConnection - DBConnection - connection closed
02:07:08.304 [AWT-EventQueue-0] INFO  databaseAccess.DBConnection - DBConnection - connection set
02:07:08.306 [AWT-EventQueue-0] INFO  databaseAccess.DBConnection - DBConnection - connection closed
02:07:08.307 [AWT-EventQueue-0] INFO  databaseAccess.DBConnection - DBConnection - connection set
02:07:08.310 [AWT-EventQueue-0] INFO  databaseAccess.DBConnection - DBConnection - connection closed
02:07:08.316 [AWT-EventQueue-0] INFO  userUtilities.LocalUser - New user logged in.
User ID: 1
Username: aaaaa
Accounts List size: 4
Goals List size: 5
History List size: 6
02:07:37.731 [AWT-EventQueue-0] INFO  databaseAccess.DBConnection - DBConnection - connection set
02:07:37.744 [AWT-EventQueue-0] INFO  databaseAccess.DBConnection - DBConnection - connection closed
02:07:37.747 [AWT-EventQueue-0] INFO  databaseAccess.DBConnection - DBConnection - connection set
02:07:37.751 [AWT-EventQueue-0] INFO  databaseAccess.DBConnection - DBConnection - connection closed
02:07:37.753 [AWT-EventQueue-0] INFO  databaseAccess.DBConnection - DBConnection - connection set
02:07:37.756 [AWT-EventQueue-0] INFO  databaseAccess.DBConnection - DBConnection - connection closed
02:07:37.757 [AWT-EventQueue-0] INFO  databaseAccess.DBConnection - DBConnection - connection set
02:07:37.760 [AWT-EventQueue-0] INFO  databaseAccess.DBConnection - DBConnection - connection closed
02:07:37.768 [AWT-EventQueue-0] INFO  userUtilities.LocalUser - New user logged in.
User ID: 1
Username: aaaaa
Accounts List size: 4
Goals List size: 5
History List size: 6
02:08:32.912 [AWT-EventQueue-0] INFO  databaseAccess.DBConnection - DBConnection - connection set
02:08:32.924 [AWT-EventQueue-0] INFO  databaseAccess.DBConnection - DBConnection - connection closed
02:08:32.927 [AWT-EventQueue-0] INFO  databaseAccess.DBConnection - DBConnection - connection set
02:08:32.931 [AWT-EventQueue-0] INFO  databaseAccess.DBConnection - DBConnection - connection closed
02:08:32.933 [AWT-EventQueue-0] INFO  databaseAccess.DBConnection - DBConnection - connection set
02:08:32.936 [AWT-EventQueue-0] INFO  databaseAccess.DBConnection - DBConnection - connection closed
02:08:32.938 [AWT-EventQueue-0] INFO  databaseAccess.DBConnection - DBConnection - connection set
02:08:32.941 [AWT-EventQueue-0] INFO  databaseAccess.DBConnection - DBConnection - connection closed
02:08:32.949 [AWT-EventQueue-0] INFO  userUtilities.LocalUser - New user logged in.
User ID: 1
Username: aaaaa
Accounts List size: 4
Goals List size: 5
History List size: 6
02:09:35.306 [AWT-EventQueue-0] INFO  databaseAccess.DBConnection - DBConnection - connection set
02:09:35.315 [AWT-EventQueue-0] INFO  databaseAccess.DBConnection - DBConnection - connection closed
02:09:35.317 [AWT-EventQueue-0] INFO  databaseAccess.DBConnection - DBConnection - connection set
02:09:35.321 [AWT-EventQueue-0] INFO  databaseAccess.DBConnection - DBConnection - connection closed
02:09:35.323 [AWT-EventQueue-0] INFO  databaseAccess.DBConnection - DBConnection - connection set
02:09:35.325 [AWT-EventQueue-0] INFO  databaseAccess.DBConnection - DBConnection - connection closed
02:09:35.326 [AWT-EventQueue-0] INFO  databaseAccess.DBConnection - DBConnection - connection set
02:09:35.329 [AWT-EventQueue-0] INFO  databaseAccess.DBConnection - DBConnection - connection closed
02:09:35.337 [AWT-EventQueue-0] INFO  userUtilities.LocalUser - New user logged in.
User ID: 1
Username: aaaaa
Accounts List size: 4
Goals List size: 5
History List size: 6
02:10:34.690 [AWT-EventQueue-0] INFO  databaseAccess.DBConnection - DBConnection - connection set
02:10:34.699 [AWT-EventQueue-0] INFO  databaseAccess.DBConnection - DBConnection - connection closed
02:10:34.702 [AWT-EventQueue-0] INFO  databaseAccess.DBConnection - DBConnection - connection set
02:10:34.705 [AWT-EventQueue-0] INFO  databaseAccess.DBConnection - DBConnection - connection closed
02:10:34.706 [AWT-EventQueue-0] INFO  databaseAccess.DBConnection - DBConnection - connection set
02:10:34.708 [AWT-EventQueue-0] INFO  databaseAccess.DBConnection - DBConnection - connection closed
02:10:34.710 [AWT-EventQueue-0] INFO  databaseAccess.DBConnection - DBConnection - connection set
02:10:34.712 [AWT-EventQueue-0] INFO  databaseAccess.DBConnection - DBConnection - connection closed
02:10:34.720 [AWT-EventQueue-0] INFO  userUtilities.LocalUser - New user logged in.
User ID: 1
Username: aaaaa
Accounts List size: 4
Goals List size: 5
History List size: 6
02:11:39.369 [AWT-EventQueue-0] INFO  databaseAccess.DBConnection - DBConnection - connection set
02:11:39.382 [AWT-EventQueue-0] INFO  databaseAccess.DBConnection - DBConnection - connection closed
02:11:39.385 [AWT-EventQueue-0] INFO  databaseAccess.DBConnection - DBConnection - connection set
02:11:39.389 [AWT-EventQueue-0] INFO  databaseAccess.DBConnection - DBConnection - connection closed
02:11:39.391 [AWT-EventQueue-0] INFO  databaseAccess.DBConnection - DBConnection - connection set
02:11:39.395 [AWT-EventQueue-0] INFO  databaseAccess.DBConnection - DBConnection - connection closed
02:11:39.396 [AWT-EventQueue-0] INFO  databaseAccess.DBConnection - DBConnection - connection set
02:11:39.400 [AWT-EventQueue-0] INFO  databaseAccess.DBConnection - DBConnection - connection closed
02:11:39.408 [AWT-EventQueue-0] INFO  userUtilities.LocalUser - New user logged in.
User ID: 1
Username: aaaaa
Accounts List size: 4
Goals List size: 5
History List size: 6
02:12:06.234 [AWT-EventQueue-0] INFO  databaseAccess.DBConnection - DBConnection - connection set
02:12:06.244 [AWT-EventQueue-0] INFO  databaseAccess.DBConnection - DBConnection - connection closed
02:12:06.246 [AWT-EventQueue-0] INFO  databaseAccess.DBConnection - DBConnection - connection set
02:12:06.250 [AWT-EventQueue-0] INFO  databaseAccess.DBConnection - DBConnection - connection closed
02:12:06.252 [AWT-EventQueue-0] INFO  databaseAccess.DBConnection - DBConnection - connection set
02:12:06.254 [AWT-EventQueue-0] INFO  databaseAccess.DBConnection - DBConnection - connection closed
02:12:06.256 [AWT-EventQueue-0] INFO  databaseAccess.DBConnection - DBConnection - connection set
02:12:06.258 [AWT-EventQueue-0] INFO  databaseAccess.DBConnection - DBConnection - connection closed
02:12:06.266 [AWT-EventQueue-0] INFO  userUtilities.LocalUser - New user logged in.
User ID: 1
Username: aaaaa
Accounts List size: 4
Goals List size: 5
History List size: 6
02:12:26.192 [AWT-EventQueue-0] INFO  databaseAccess.DBConnection - DBConnection - connection set
02:12:26.200 [AWT-EventQueue-0] INFO  databaseAccess.DBConnection - DBConnection - connection closed
02:12:26.202 [AWT-EventQueue-0] INFO  databaseAccess.DBConnection - DBConnection - connection set
02:12:26.206 [AWT-EventQueue-0] INFO  databaseAccess.DBConnection - DBConnection - connection closed
02:12:26.207 [AWT-EventQueue-0] INFO  databaseAccess.DBConnection - DBConnection - connection set
02:12:26.209 [AWT-EventQueue-0] INFO  databaseAccess.DBConnection - DBConnection - connection closed
02:12:26.210 [AWT-EventQueue-0] INFO  databaseAccess.DBConnection - DBConnection - connection set
02:12:26.213 [AWT-EventQueue-0] INFO  databaseAccess.DBConnection - DBConnection - connection closed
02:12:26.221 [AWT-EventQueue-0] INFO  userUtilities.LocalUser - New user logged in.
User ID: 1
Username: aaaaa
Accounts List size: 4
Goals List size: 5
History List size: 6
02:13:15.534 [AWT-EventQueue-0] INFO  databaseAccess.DBConnection - DBConnection - connection set
02:13:15.547 [AWT-EventQueue-0] INFO  databaseAccess.DBConnection - DBConnection - connection closed
02:13:15.550 [AWT-EventQueue-0] INFO  databaseAccess.DBConnection - DBConnection - connection set
02:13:15.554 [AWT-EventQueue-0] INFO  databaseAccess.DBConnection - DBConnection - connection closed
02:13:15.556 [AWT-EventQueue-0] INFO  databaseAccess.DBConnection - DBConnection - connection set
02:13:15.559 [AWT-EventQueue-0] INFO  databaseAccess.DBConnection - DBConnection - connection closed
02:13:15.561 [AWT-EventQueue-0] INFO  databaseAccess.DBConnection - DBConnection - connection set
02:13:15.564 [AWT-EventQueue-0] INFO  databaseAccess.DBConnection - DBConnection - connection closed
02:13:15.574 [AWT-EventQueue-0] INFO  userUtilities.LocalUser - New user logged in.
User ID: 1
Username: aaaaa
Accounts List size: 4
Goals List size: 5
History List size: 6
02:14:03.370 [AWT-EventQueue-0] INFO  databaseAccess.DBConnection - DBConnection - connection set
02:14:03.387 [AWT-EventQueue-0] INFO  databaseAccess.DBConnection - DBConnection - connection closed
02:14:03.389 [AWT-EventQueue-0] INFO  databaseAccess.DBConnection - DBConnection - connection set
02:14:03.390 [AWT-EventQueue-0] INFO  databaseAccess.DBConnection - DBConnection - connection closed
02:14:07.947 [AWT-EventQueue-0] INFO  databaseAccess.DBConnection - DBConnection - connection set
02:14:07.948 [AWT-EventQueue-0] INFO  databaseAccess.DBConnection - DBConnection - connection closed
02:14:07.949 [AWT-EventQueue-0] INFO  databaseAccess.DBConnection - DBConnection - connection set
02:14:07.951 [AWT-EventQueue-0] INFO  databaseAccess.DBConnection - DBConnection - connection closed
02:14:07.951 [AWT-EventQueue-0] INFO  databaseAccess.DBConnection - DBConnection - connection set
02:14:07.953 [AWT-EventQueue-0] INFO  databaseAccess.DBConnection - DBConnection - connection closed
02:14:07.954 [AWT-EventQueue-0] INFO  databaseAccess.DBConnection - DBConnection - connection set
02:14:07.955 [AWT-EventQueue-0] INFO  databaseAccess.DBConnection - DBConnection - connection closed
02:14:43.983 [AWT-EventQueue-0] INFO  databaseAccess.DBConnection - DBConnection - connection set
02:17:43.712 [AWT-EventQueue-0] INFO  databaseAccess.DBConnection - DBConnection - connection set
02:17:43.722 [AWT-EventQueue-0] INFO  databaseAccess.DBConnection - DBConnection - connection closed
02:17:43.724 [AWT-EventQueue-0] INFO  databaseAccess.DBConnection - DBConnection - connection set
02:17:43.728 [AWT-EventQueue-0] INFO  databaseAccess.DBConnection - DBConnection - connection closed
02:17:43.730 [AWT-EventQueue-0] INFO  databaseAccess.DBConnection - DBConnection - connection set
02:17:43.733 [AWT-EventQueue-0] INFO  databaseAccess.DBConnection - DBConnection - connection closed
02:17:43.734 [AWT-EventQueue-0] INFO  databaseAccess.DBConnection - DBConnection - connection set
02:17:43.736 [AWT-EventQueue-0] INFO  databaseAccess.DBConnection - DBConnection - connection closed
02:17:43.744 [AWT-EventQueue-0] INFO  userUtilities.LocalUser - New user logged in.
User ID: 1
Username: aaaaa
Accounts List size: 5
Goals List size: 5
History List size: 6
02:18:07.927 [AWT-EventQueue-0] INFO  databaseAccess.DBConnection - DBConnection - connection set
02:22:33.053 [AWT-EventQueue-0] INFO  databaseAccess.DBConnection - DBConnection - connection set
02:22:33.064 [AWT-EventQueue-0] INFO  databaseAccess.DBConnection - DBConnection - connection closed
02:22:33.066 [AWT-EventQueue-0] INFO  databaseAccess.DBConnection - DBConnection - connection set
02:22:33.069 [AWT-EventQueue-0] INFO  databaseAccess.DBConnection - DBConnection - connection closed
02:22:33.071 [AWT-EventQueue-0] INFO  databaseAccess.DBConnection - DBConnection - connection set
02:22:33.073 [AWT-EventQueue-0] INFO  databaseAccess.DBConnection - DBConnection - connection closed
02:22:33.075 [AWT-EventQueue-0] INFO  databaseAccess.DBConnection - DBConnection - connection set
02:22:33.078 [AWT-EventQueue-0] INFO  databaseAccess.DBConnection - DBConnection - connection closed
02:22:33.085 [AWT-EventQueue-0] INFO  userUtilities.LocalUser - New user logged in.
User ID: 1
Username: aaaaa
Accounts List size: 5
Goals List size: 5
History List size: 6
02:22:56.420 [AWT-EventQueue-0] INFO  databaseAccess.DBConnection - DBConnection - connection set
02:22:56.436 [AWT-EventQueue-0] INFO  databaseAccess.DBConnection - DBConnection - connection closed
02:22:56.437 [AWT-EventQueue-0] INFO  databaseAccess.DBConnection - DBConnection - connection set
02:22:56.439 [AWT-EventQueue-0] INFO  databaseAccess.DBConnection - DBConnection - connection closed
02:22:58.870 [AWT-EventQueue-0] INFO  databaseAccess.DBConnection - DBConnection - connection set
02:22:58.872 [AWT-EventQueue-0] INFO  databaseAccess.DBConnection - DBConnection - connection closed
02:22:58.873 [AWT-EventQueue-0] INFO  databaseAccess.DBConnection - DBConnection - connection set
02:22:58.875 [AWT-EventQueue-0] INFO  databaseAccess.DBConnection - DBConnection - connection closed
02:22:58.877 [AWT-EventQueue-0] INFO  databaseAccess.DBConnection - DBConnection - connection set
02:22:58.878 [AWT-EventQueue-0] INFO  databaseAccess.DBConnection - DBConnection - connection closed
02:22:58.879 [AWT-EventQueue-0] INFO  databaseAccess.DBConnection - DBConnection - connection set
02:22:58.880 [AWT-EventQueue-0] INFO  databaseAccess.DBConnection - DBConnection - connection closed
02:26:05.219 [AWT-EventQueue-0] INFO  databaseAccess.DBConnection - DBConnection - connection set
02:26:05.230 [AWT-EventQueue-0] INFO  databaseAccess.DBConnection - DBConnection - connection closed
02:26:05.234 [AWT-EventQueue-0] INFO  databaseAccess.DBConnection - DBConnection - connection set
02:26:05.238 [AWT-EventQueue-0] INFO  databaseAccess.DBConnection - DBConnection - connection closed
02:26:05.240 [AWT-EventQueue-0] INFO  databaseAccess.DBConnection - DBConnection - connection set
02:26:05.244 [AWT-EventQueue-0] INFO  databaseAccess.DBConnection - DBConnection - connection closed
02:26:05.246 [AWT-EventQueue-0] INFO  databaseAccess.DBConnection - DBConnection - connection set
02:26:05.249 [AWT-EventQueue-0] INFO  databaseAccess.DBConnection - DBConnection - connection closed
02:26:05.259 [AWT-EventQueue-0] INFO  userUtilities.LocalUser - New user logged in.
User ID: 1
Username: aaaaa
Accounts List size: 5
Goals List size: 5
History List size: 6
02:27:46.027 [AWT-EventQueue-0] INFO  databaseAccess.DBConnection - DBConnection - connection set
02:27:46.038 [AWT-EventQueue-0] INFO  databaseAccess.DBConnection - DBConnection - connection closed
02:27:46.044 [AWT-EventQueue-0] INFO  databaseAccess.DBConnection - DBConnection - connection set
02:27:46.048 [AWT-EventQueue-0] INFO  databaseAccess.DBConnection - DBConnection - connection closed
02:27:46.049 [AWT-EventQueue-0] INFO  databaseAccess.DBConnection - DBConnection - connection set
02:27:46.053 [AWT-EventQueue-0] INFO  databaseAccess.DBConnection - DBConnection - connection closed
02:27:46.054 [AWT-EventQueue-0] INFO  databaseAccess.DBConnection - DBConnection - connection set
02:27:46.058 [AWT-EventQueue-0] INFO  databaseAccess.DBConnection - DBConnection - connection closed
02:27:46.068 [AWT-EventQueue-0] INFO  userUtilities.LocalUser - New user logged in.
User ID: 1
Username: aaaaa
Accounts List size: 5
Goals List size: 5
History List size: 6
02:28:21.939 [AWT-EventQueue-0] INFO  databaseAccess.DBConnection - DBConnection - connection set
02:28:21.950 [AWT-EventQueue-0] INFO  databaseAccess.DBConnection - DBConnection - connection closed
02:28:21.955 [AWT-EventQueue-0] INFO  databaseAccess.DBConnection - DBConnection - connection set
02:28:21.960 [AWT-EventQueue-0] INFO  databaseAccess.DBConnection - DBConnection - connection closed
02:28:21.962 [AWT-EventQueue-0] INFO  databaseAccess.DBConnection - DBConnection - connection set
02:28:21.966 [AWT-EventQueue-0] INFO  databaseAccess.DBConnection - DBConnection - connection closed
02:28:21.968 [AWT-EventQueue-0] INFO  databaseAccess.DBConnection - DBConnection - connection set
02:28:21.971 [AWT-EventQueue-0] INFO  databaseAccess.DBConnection - DBConnection - connection closed
02:28:21.981 [AWT-EventQueue-0] INFO  userUtilities.LocalUser - New user logged in.
User ID: 1
Username: aaaaa
Accounts List size: 5
Goals List size: 5
History List size: 6
02:29:09.428 [AWT-EventQueue-0] INFO  databaseAccess.DBConnection - DBConnection - connection set
02:29:09.430 [AWT-EventQueue-0] INFO  databaseAccess.DBConnection - DBConnection - connection closed
02:29:09.433 [AWT-EventQueue-0] INFO  databaseAccess.DBConnection - DBConnection - connection set
02:29:09.454 [AWT-EventQueue-0] INFO  databaseAccess.DBConnection - DBConnection - connection closed
02:29:09.456 [AWT-EventQueue-0] INFO  databaseAccess.DBConnection - DBConnection - connection set
02:29:09.458 [AWT-EventQueue-0] INFO  databaseAccess.DBConnection - DBConnection - connection closed
02:29:10.733 [AWT-EventQueue-0] INFO  databaseAccess.DBConnection - DBConnection - connection set
02:29:10.734 [AWT-EventQueue-0] INFO  databaseAccess.DBConnection - DBConnection - connection closed
02:29:10.735 [AWT-EventQueue-0] INFO  databaseAccess.DBConnection - DBConnection - connection set
02:29:10.737 [AWT-EventQueue-0] INFO  databaseAccess.DBConnection - DBConnection - connection closed
02:29:10.738 [AWT-EventQueue-0] INFO  databaseAccess.DBConnection - DBConnection - connection set
02:29:10.740 [AWT-EventQueue-0] INFO  databaseAccess.DBConnection - DBConnection - connection closed
02:29:10.742 [AWT-EventQueue-0] INFO  databaseAccess.DBConnection - DBConnection - connection set
02:29:10.744 [AWT-EventQueue-0] INFO  databaseAccess.DBConnection - DBConnection - connection closed
02:30:06.346 [AWT-EventQueue-0] INFO  databaseAccess.DBConnection - DBConnection - connection set
02:30:06.353 [AWT-EventQueue-0] INFO  databaseAccess.DBConnection - DBConnection - connection closed
02:30:06.355 [AWT-EventQueue-0] INFO  databaseAccess.DBConnection - DBConnection - connection set
02:30:06.356 [AWT-EventQueue-0] INFO  databaseAccess.DBConnection - DBConnection - connection closed
02:30:09.620 [AWT-EventQueue-0] INFO  databaseAccess.DBConnection - DBConnection - connection set
02:30:09.622 [AWT-EventQueue-0] INFO  databaseAccess.DBConnection - DBConnection - connection closed
02:30:09.623 [AWT-EventQueue-0] INFO  databaseAccess.DBConnection - DBConnection - connection set
02:30:09.625 [AWT-EventQueue-0] INFO  databaseAccess.DBConnection - DBConnection - connection closed
02:30:09.626 [AWT-EventQueue-0] INFO  databaseAccess.DBConnection - DBConnection - connection set
02:30:09.628 [AWT-EventQueue-0] INFO  databaseAccess.DBConnection - DBConnection - connection closed
02:30:09.629 [AWT-EventQueue-0] INFO  databaseAccess.DBConnection - DBConnection - connection set
02:30:09.631 [AWT-EventQueue-0] INFO  databaseAccess.DBConnection - DBConnection - connection closed
02:48:39.591 [AWT-EventQueue-0] INFO  databaseAccess.DBConnection - DBConnection - connection set
02:48:39.601 [AWT-EventQueue-0] INFO  databaseAccess.DBConnection - DBConnection - connection closed
02:48:39.603 [AWT-EventQueue-0] INFO  databaseAccess.DBConnection - DBConnection - connection set
02:48:39.606 [AWT-EventQueue-0] INFO  databaseAccess.DBConnection - DBConnection - connection closed
02:48:39.608 [AWT-EventQueue-0] INFO  databaseAccess.DBConnection - DBConnection - connection set
02:48:39.610 [AWT-EventQueue-0] INFO  databaseAccess.DBConnection - DBConnection - connection closed
02:48:39.611 [AWT-EventQueue-0] INFO  databaseAccess.DBConnection - DBConnection - connection set
02:48:39.615 [AWT-EventQueue-0] INFO  databaseAccess.DBConnection - DBConnection - connection closed
02:48:39.624 [AWT-EventQueue-0] INFO  userUtilities.LocalUser - New user logged in.
User ID: 1
Username: aaaaa
Accounts List size: 5
Goals List size: 5
History List size: 7
02:48:50.902 [AWT-EventQueue-0] INFO  databaseAccess.DBConnection - DBConnection - connection set
02:48:50.915 [AWT-EventQueue-0] INFO  databaseAccess.DBConnection - DBConnection - connection closed
02:48:50.917 [AWT-EventQueue-0] INFO  databaseAccess.DBConnection - DBConnection - connection set
02:48:50.918 [AWT-EventQueue-0] INFO  databaseAccess.DBConnection - DBConnection - connection closed
02:48:52.624 [AWT-EventQueue-0] INFO  databaseAccess.DBConnection - DBConnection - connection set
02:48:52.626 [AWT-EventQueue-0] INFO  databaseAccess.DBConnection - DBConnection - connection closed
02:48:52.627 [AWT-EventQueue-0] INFO  databaseAccess.DBConnection - DBConnection - connection set
02:48:52.628 [AWT-EventQueue-0] INFO  databaseAccess.DBConnection - DBConnection - connection closed
02:48:52.629 [AWT-EventQueue-0] INFO  databaseAccess.DBConnection - DBConnection - connection set
02:48:52.631 [AWT-EventQueue-0] INFO  databaseAccess.DBConnection - DBConnection - connection closed
02:48:52.631 [AWT-EventQueue-0] INFO  databaseAccess.DBConnection - DBConnection - connection set
02:48:52.633 [AWT-EventQueue-0] INFO  databaseAccess.DBConnection - DBConnection - connection closed
02:50:09.711 [AWT-EventQueue-0] INFO  databaseAccess.DBConnection - DBConnection - connection set
02:50:09.721 [AWT-EventQueue-0] INFO  databaseAccess.DBConnection - DBConnection - connection closed
02:50:09.724 [AWT-EventQueue-0] INFO  databaseAccess.DBConnection - DBConnection - connection set
02:50:09.727 [AWT-EventQueue-0] INFO  databaseAccess.DBConnection - DBConnection - connection closed
02:50:09.728 [AWT-EventQueue-0] INFO  databaseAccess.DBConnection - DBConnection - connection set
02:50:09.732 [AWT-EventQueue-0] INFO  databaseAccess.DBConnection - DBConnection - connection closed
02:50:09.733 [AWT-EventQueue-0] INFO  databaseAccess.DBConnection - DBConnection - connection set
02:50:09.735 [AWT-EventQueue-0] INFO  databaseAccess.DBConnection - DBConnection - connection closed
02:50:09.744 [AWT-EventQueue-0] INFO  userUtilities.LocalUser - New user logged in.
User ID: 1
Username: aaaaa
Accounts List size: 4
Goals List size: 5
History List size: 7
02:50:16.829 [AWT-EventQueue-0] INFO  databaseAccess.DBConnection - DBConnection - connection set
02:50:16.842 [AWT-EventQueue-0] INFO  databaseAccess.DBConnection - DBConnection - connection closed
02:50:16.843 [AWT-EventQueue-0] INFO  databaseAccess.DBConnection - DBConnection - connection set
02:50:16.844 [AWT-EventQueue-0] INFO  databaseAccess.DBConnection - DBConnection - connection closed
02:50:19.128 [AWT-EventQueue-0] INFO  databaseAccess.DBConnection - DBConnection - connection set
02:50:19.130 [AWT-EventQueue-0] INFO  databaseAccess.DBConnection - DBConnection - connection closed
02:50:19.132 [AWT-EventQueue-0] INFO  databaseAccess.DBConnection - DBConnection - connection set
02:50:19.135 [AWT-EventQueue-0] INFO  databaseAccess.DBConnection - DBConnection - connection closed
02:50:19.136 [AWT-EventQueue-0] INFO  databaseAccess.DBConnection - DBConnection - connection set
02:50:19.138 [AWT-EventQueue-0] INFO  databaseAccess.DBConnection - DBConnection - connection closed
02:50:19.139 [AWT-EventQueue-0] INFO  databaseAccess.DBConnection - DBConnection - connection set
02:50:19.141 [AWT-EventQueue-0] INFO  databaseAccess.DBConnection - DBConnection - connection closed
02:52:10.131 [AWT-EventQueue-0] INFO  databaseAccess.DBConnection - DBConnection - connection set
02:52:10.141 [AWT-EventQueue-0] INFO  databaseAccess.DBConnection - DBConnection - connection closed
02:52:10.143 [AWT-EventQueue-0] INFO  databaseAccess.DBConnection - DBConnection - connection set
02:52:10.146 [AWT-EventQueue-0] INFO  databaseAccess.DBConnection - DBConnection - connection closed
02:52:10.148 [AWT-EventQueue-0] INFO  databaseAccess.DBConnection - DBConnection - connection set
02:52:10.150 [AWT-EventQueue-0] INFO  databaseAccess.DBConnection - DBConnection - connection closed
02:52:10.151 [AWT-EventQueue-0] INFO  databaseAccess.DBConnection - DBConnection - connection set
02:52:10.154 [AWT-EventQueue-0] INFO  databaseAccess.DBConnection - DBConnection - connection closed
02:52:10.162 [AWT-EventQueue-0] INFO  userUtilities.LocalUser - New user logged in.
User ID: 1
Username: aaaaa
Accounts List size: 3
Goals List size: 5
History List size: 7
02:54:04.934 [AWT-EventQueue-0] INFO  databaseAccess.DBConnection - DBConnection - connection set
02:54:04.946 [AWT-EventQueue-0] INFO  databaseAccess.DBConnection - DBConnection - connection closed
02:54:04.950 [AWT-EventQueue-0] INFO  databaseAccess.DBConnection - DBConnection - connection set
02:54:04.953 [AWT-EventQueue-0] INFO  databaseAccess.DBConnection - DBConnection - connection closed
02:54:04.955 [AWT-EventQueue-0] INFO  databaseAccess.DBConnection - DBConnection - connection set
02:54:04.958 [AWT-EventQueue-0] INFO  databaseAccess.DBConnection - DBConnection - connection closed
02:54:04.959 [AWT-EventQueue-0] INFO  databaseAccess.DBConnection - DBConnection - connection set
02:54:04.963 [AWT-EventQueue-0] INFO  databaseAccess.DBConnection - DBConnection - connection closed
02:54:04.971 [AWT-EventQueue-0] INFO  userUtilities.LocalUser - New user logged in.
User ID: 1
Username: aaaaa
Accounts List size: 3
Goals List size: 5
History List size: 7
02:54:15.479 [AWT-EventQueue-0] INFO  databaseAccess.DBConnection - DBConnection - connection set
02:54:15.480 [AWT-EventQueue-0] INFO  databaseAccess.DBConnection - DBConnection - connection closed
02:54:15.481 [AWT-EventQueue-0] INFO  databaseAccess.DBConnection - DBConnection - connection set
02:54:15.483 [AWT-EventQueue-0] INFO  databaseAccess.DBConnection - DBConnection - connection closed
02:54:15.484 [AWT-EventQueue-0] INFO  databaseAccess.DBConnection - DBConnection - connection set
02:54:15.485 [AWT-EventQueue-0] INFO  databaseAccess.DBConnection - DBConnection - connection closed
02:54:15.486 [AWT-EventQueue-0] INFO  databaseAccess.DBConnection - DBConnection - connection set
02:54:15.488 [AWT-EventQueue-0] INFO  databaseAccess.DBConnection - DBConnection - connection closed
02:54:55.814 [AWT-EventQueue-0] INFO  databaseAccess.DBConnection - DBConnection - connection set
02:54:55.831 [AWT-EventQueue-0] INFO  databaseAccess.DBConnection - DBConnection - connection closed
02:54:55.833 [AWT-EventQueue-0] INFO  databaseAccess.DBConnection - DBConnection - connection set
02:54:55.834 [AWT-EventQueue-0] INFO  databaseAccess.DBConnection - DBConnection - connection closed
02:54:55.835 [AWT-EventQueue-0] INFO  databaseAccess.DBConnection - DBConnection - connection set
02:54:55.836 [AWT-EventQueue-0] INFO  databaseAccess.DBConnection - DBConnection - connection closed
02:54:55.837 [AWT-EventQueue-0] INFO  databaseAccess.DBConnection - DBConnection - connection set
02:54:55.838 [AWT-EventQueue-0] INFO  databaseAccess.DBConnection - DBConnection - connection closed
02:54:55.839 [AWT-EventQueue-0] INFO  databaseAccess.DBConnection - DBConnection - connection set
02:54:55.840 [AWT-EventQueue-0] INFO  databaseAccess.DBConnection - DBConnection - connection closed
02:54:55.840 [AWT-EventQueue-0] INFO  userUtilities.LocalUser - New user logged in.
User ID: 6
Username: mlodko
Accounts List size: 0
Goals List size: 0
History List size: 0
02:54:55.841 [AWT-EventQueue-0] INFO  databaseAccess.DBConnection - DBConnection - connection set
02:54:55.846 [AWT-EventQueue-0] INFO  databaseAccess.DBConnection - DBConnection - connection closed
02:54:55.848 [AWT-EventQueue-0] INFO  databaseAccess.DBConnection - DBConnection - connection set
02:54:55.849 [AWT-EventQueue-0] INFO  databaseAccess.DBConnection - DBConnection - connection closed
02:54:55.850 [AWT-EventQueue-0] INFO  databaseAccess.DBConnection - DBConnection - connection set
02:54:55.857 [AWT-EventQueue-0] INFO  databaseAccess.DBConnection - DBConnection - connection closed
02:54:55.862 [AWT-EventQueue-0] INFO  userUtilities.LocalUser - Registered new user.
User ID: 6
Username: mlodko
Password: qwerty
Email: mlodko@duck.com
Phone: 5672857256
Main Account ID: 13
02:55:56.403 [AWT-EventQueue-0] INFO  databaseAccess.DBConnection - DBConnection - connection set
02:55:56.412 [AWT-EventQueue-0] INFO  databaseAccess.DBConnection - DBConnection - connection closed
02:55:56.415 [AWT-EventQueue-0] INFO  databaseAccess.DBConnection - DBConnection - connection set
02:55:56.417 [AWT-EventQueue-0] INFO  databaseAccess.DBConnection - DBConnection - connection closed
02:55:56.418 [AWT-EventQueue-0] INFO  databaseAccess.DBConnection - DBConnection - connection set
02:55:56.421 [AWT-EventQueue-0] INFO  databaseAccess.DBConnection - DBConnection - connection closed
02:55:56.423 [AWT-EventQueue-0] INFO  databaseAccess.DBConnection - DBConnection - connection set
02:55:56.424 [AWT-EventQueue-0] INFO  databaseAccess.DBConnection - DBConnection - connection closed
02:55:56.431 [AWT-EventQueue-0] INFO  userUtilities.LocalUser - New user logged in.
User ID: 6
Username: mlodko
Accounts List size: 1
Goals List size: 0
History List size: 0
02:56:24.752 [AWT-EventQueue-0] INFO  databaseAccess.DBConnection - DBConnection - connection set
02:56:24.769 [AWT-EventQueue-0] INFO  databaseAccess.DBConnection - DBConnection - connection closed
02:56:24.771 [AWT-EventQueue-0] INFO  databaseAccess.DBConnection - DBConnection - connection set
02:56:24.772 [AWT-EventQueue-0] INFO  databaseAccess.DBConnection - DBConnection - connection closed
02:56:24.773 [AWT-EventQueue-0] INFO  databaseAccess.DBConnection - DBConnection - connection set
02:56:24.774 [AWT-EventQueue-0] INFO  databaseAccess.DBConnection - DBConnection - connection closed
02:56:24.775 [AWT-EventQueue-0] INFO  databaseAccess.DBConnection - DBConnection - connection set
02:56:24.776 [AWT-EventQueue-0] INFO  databaseAccess.DBConnection - DBConnection - connection closed
02:56:24.777 [AWT-EventQueue-0] INFO  databaseAccess.DBConnection - DBConnection - connection set
02:56:24.778 [AWT-EventQueue-0] INFO  databaseAccess.DBConnection - DBConnection - connection closed
02:56:24.779 [AWT-EventQueue-0] INFO  userUtilities.LocalUser - New user logged in.
User ID: 7
Username: stas
Accounts List size: 0
Goals List size: 0
History List size: 0
02:56:24.780 [AWT-EventQueue-0] INFO  databaseAccess.DBConnection - DBConnection - connection set
02:56:24.786 [AWT-EventQueue-0] INFO  databaseAccess.DBConnection - DBConnection - connection closed
02:56:24.787 [AWT-EventQueue-0] INFO  databaseAccess.DBConnection - DBConnection - connection set
02:56:24.789 [AWT-EventQueue-0] INFO  databaseAccess.DBConnection - DBConnection - connection closed
02:56:24.790 [AWT-EventQueue-0] INFO  databaseAccess.DBConnection - DBConnection - connection set
02:56:24.797 [AWT-EventQueue-0] INFO  databaseAccess.DBConnection - DBConnection - connection closed
02:56:24.803 [AWT-EventQueue-0] INFO  userUtilities.LocalUser - Registered new user.
User ID: 7
Username: stas
Password: qwert
Email: stas@duck.com
Phone: 478293487
Main Account ID: 14
02:59:11.521 [AWT-EventQueue-0] INFO  databaseAccess.DBConnection - DBConnection - connection set
02:59:11.533 [AWT-EventQueue-0] INFO  databaseAccess.DBConnection - DBConnection - connection closed
02:59:11.536 [AWT-EventQueue-0] INFO  databaseAccess.DBConnection - DBConnection - connection set
03:00:00.550 [AWT-EventQueue-0] INFO  databaseAccess.DBConnection - DBConnection - connection closed
03:00:00.551 [AWT-EventQueue-0] INFO  databaseAccess.DBConnection - DBConnection - connection set
03:00:02.917 [AWT-EventQueue-0] INFO  databaseAccess.DBConnection - DBConnection - connection closed
03:00:02.918 [AWT-EventQueue-0] INFO  databaseAccess.DBConnection - DBConnection - connection set
03:00:25.167 [AWT-EventQueue-0] INFO  databaseAccess.DBConnection - DBConnection - connection set
03:00:25.176 [AWT-EventQueue-0] INFO  databaseAccess.DBConnection - DBConnection - connection closed
03:00:25.179 [AWT-EventQueue-0] INFO  databaseAccess.DBConnection - DBConnection - connection set
03:00:25.181 [AWT-EventQueue-0] INFO  databaseAccess.DBConnection - DBConnection - connection closed
03:00:25.182 [AWT-EventQueue-0] INFO  databaseAccess.DBConnection - DBConnection - connection set
03:00:25.186 [AWT-EventQueue-0] INFO  databaseAccess.DBConnection - DBConnection - connection closed
03:00:25.187 [AWT-EventQueue-0] INFO  databaseAccess.DBConnection - DBConnection - connection set
03:00:25.189 [AWT-EventQueue-0] INFO  databaseAccess.DBConnection - DBConnection - connection closed
03:00:25.198 [AWT-EventQueue-0] INFO  userUtilities.LocalUser - New user logged in.
User ID: 1
Username: demoUser
Accounts List size: 1
Goals List size: 0
History List size: 0
03:01:37.359 [AWT-EventQueue-0] INFO  databaseAccess.DBConnection - DBConnection - connection set
03:01:37.380 [AWT-EventQueue-0] INFO  databaseAccess.DBConnection - DBConnection - connection closed
03:01:37.383 [AWT-EventQueue-0] INFO  databaseAccess.DBConnection - DBConnection - connection set
03:01:37.386 [AWT-EventQueue-0] INFO  databaseAccess.DBConnection - DBConnection - connection closed
03:01:37.388 [AWT-EventQueue-0] INFO  databaseAccess.DBConnection - DBConnection - connection set
03:01:37.389 [AWT-EventQueue-0] INFO  databaseAccess.DBConnection - DBConnection - connection closed
03:01:37.391 [AWT-EventQueue-0] INFO  databaseAccess.DBConnection - DBConnection - connection set
03:01:37.392 [AWT-EventQueue-0] INFO  databaseAccess.DBConnection - DBConnection - connection closed
03:01:37.394 [AWT-EventQueue-0] INFO  databaseAccess.DBConnection - DBConnection - connection set
03:01:37.395 [AWT-EventQueue-0] INFO  databaseAccess.DBConnection - DBConnection - connection closed
03:01:37.403 [AWT-EventQueue-0] INFO  userUtilities.LocalUser - New user logged in.
User ID: 1
Username: demoUser
Accounts List size: 0
Goals List size: 0
History List size: 0
03:01:37.404 [AWT-EventQueue-0] INFO  databaseAccess.DBConnection - DBConnection - connection set
03:01:37.410 [AWT-EventQueue-0] INFO  databaseAccess.DBConnection - DBConnection - connection closed
03:01:37.411 [AWT-EventQueue-0] INFO  databaseAccess.DBConnection - DBConnection - connection set
03:01:37.412 [AWT-EventQueue-0] INFO  databaseAccess.DBConnection - DBConnection - connection closed
03:01:37.413 [AWT-EventQueue-0] INFO  databaseAccess.DBConnection - DBConnection - connection set
03:01:37.415 [AWT-EventQueue-0] INFO  databaseAccess.DBConnection - DBConnection - connection closed
03:01:37.421 [AWT-EventQueue-0] INFO  userUtilities.LocalUser - Registered new user.
User ID: 1
Username: demoUser
Password: qwerty123
Email: demo@gmail.com
Phone: 123456789
Main Account ID: 1
03:02:09.725 [AWT-EventQueue-0] INFO  databaseAccess.DBConnection - DBConnection - connection set
03:02:09.730 [AWT-EventQueue-0] INFO  databaseAccess.DBConnection - DBConnection - connection closed
03:02:09.732 [AWT-EventQueue-0] INFO  databaseAccess.DBConnection - DBConnection - connection set
03:02:09.734 [AWT-EventQueue-0] INFO  databaseAccess.DBConnection - DBConnection - connection closed
03:02:12.338 [AWT-EventQueue-0] INFO  databaseAccess.DBConnection - DBConnection - connection set
03:02:12.338 [AWT-EventQueue-0] INFO  databaseAccess.DBConnection - DBConnection - connection closed
03:02:12.339 [AWT-EventQueue-0] INFO  databaseAccess.DBConnection - DBConnection - connection set
03:02:12.340 [AWT-EventQueue-0] INFO  databaseAccess.DBConnection - DBConnection - connection closed
03:02:12.341 [AWT-EventQueue-0] INFO  databaseAccess.DBConnection - DBConnection - connection set
03:02:12.342 [AWT-EventQueue-0] INFO  databaseAccess.DBConnection - DBConnection - connection closed
03:02:12.343 [AWT-EventQueue-0] INFO  databaseAccess.DBConnection - DBConnection - connection set
03:02:12.344 [AWT-EventQueue-0] INFO  databaseAccess.DBConnection - DBConnection - connection closed
03:02:44.033 [AWT-EventQueue-0] INFO  databaseAccess.DBConnection - DBConnection - connection set
03:02:44.039 [AWT-EventQueue-0] INFO  databaseAccess.DBConnection - DBConnection - connection closed
03:02:44.041 [AWT-EventQueue-0] INFO  databaseAccess.DBConnection - DBConnection - connection set
03:02:44.042 [AWT-EventQueue-0] INFO  databaseAccess.DBConnection - DBConnection - connection closed
03:02:46.158 [AWT-EventQueue-0] INFO  databaseAccess.DBConnection - DBConnection - connection set
03:02:46.159 [AWT-EventQueue-0] INFO  databaseAccess.DBConnection - DBConnection - connection closed
03:02:46.160 [AWT-EventQueue-0] INFO  databaseAccess.DBConnection - DBConnection - connection set
03:02:46.161 [AWT-EventQueue-0] INFO  databaseAccess.DBConnection - DBConnection - connection closed
03:02:46.162 [AWT-EventQueue-0] INFO  databaseAccess.DBConnection - DBConnection - connection set
03:02:46.163 [AWT-EventQueue-0] INFO  databaseAccess.DBConnection - DBConnection - connection closed
03:02:46.164 [AWT-EventQueue-0] INFO  databaseAccess.DBConnection - DBConnection - connection set
03:02:46.166 [AWT-EventQueue-0] INFO  databaseAccess.DBConnection - DBConnection - connection closed
03:04:16.720 [AWT-EventQueue-0] INFO  databaseAccess.DBConnection - DBConnection - connection set
03:04:16.721 [AWT-EventQueue-0] INFO  databaseAccess.DBConnection - DBConnection - connection closed
03:04:16.723 [AWT-EventQueue-0] INFO  databaseAccess.DBConnection - DBConnection - connection set
03:04:16.729 [AWT-EventQueue-0] INFO  databaseAccess.DBConnection - DBConnection - connection closed
03:04:16.731 [AWT-EventQueue-0] INFO  databaseAccess.DBConnection - DBConnection - connection set
03:04:16.733 [AWT-EventQueue-0] INFO  databaseAccess.DBConnection - DBConnection - connection closed
03:04:20.438 [AWT-EventQueue-0] INFO  databaseAccess.DBConnection - DBConnection - connection set
03:04:20.440 [AWT-EventQueue-0] INFO  databaseAccess.DBConnection - DBConnection - connection closed
03:04:20.441 [AWT-EventQueue-0] INFO  databaseAccess.DBConnection - DBConnection - connection set
03:04:20.442 [AWT-EventQueue-0] INFO  databaseAccess.DBConnection - DBConnection - connection closed
03:04:20.443 [AWT-EventQueue-0] INFO  databaseAccess.DBConnection - DBConnection - connection set
03:04:20.444 [AWT-EventQueue-0] INFO  databaseAccess.DBConnection - DBConnection - connection closed
03:04:20.444 [AWT-EventQueue-0] INFO  databaseAccess.DBConnection - DBConnection - connection set
03:04:20.446 [AWT-EventQueue-0] INFO  databaseAccess.DBConnection - DBConnection - connection closed
03:04:59.154 [AWT-EventQueue-0] INFO  databaseAccess.DBConnection - DBConnection - connection set
03:04:59.156 [AWT-EventQueue-0] INFO  databaseAccess.DBConnection - DBConnection - connection closed
03:04:59.157 [AWT-EventQueue-0] INFO  databaseAccess.DBConnection - DBConnection - connection set
03:04:59.162 [AWT-EventQueue-0] INFO  databaseAccess.DBConnection - DBConnection - connection closed
03:04:59.163 [AWT-EventQueue-0] INFO  databaseAccess.DBConnection - DBConnection - connection set
03:04:59.165 [AWT-EventQueue-0] INFO  databaseAccess.DBConnection - DBConnection - connection closed
03:05:01.471 [AWT-EventQueue-0] INFO  databaseAccess.DBConnection - DBConnection - connection set
03:05:01.472 [AWT-EventQueue-0] INFO  databaseAccess.DBConnection - DBConnection - connection closed
03:05:01.474 [AWT-EventQueue-0] INFO  databaseAccess.DBConnection - DBConnection - connection set
03:05:01.475 [AWT-EventQueue-0] INFO  databaseAccess.DBConnection - DBConnection - connection closed
03:05:01.476 [AWT-EventQueue-0] INFO  databaseAccess.DBConnection - DBConnection - connection set
03:05:01.477 [AWT-EventQueue-0] INFO  databaseAccess.DBConnection - DBConnection - connection closed
03:05:01.478 [AWT-EventQueue-0] INFO  databaseAccess.DBConnection - DBConnection - connection set
03:05:01.479 [AWT-EventQueue-0] INFO  databaseAccess.DBConnection - DBConnection - connection closed
03:05:12.234 [AWT-EventQueue-0] INFO  databaseAccess.DBConnection - DBConnection - connection set
03:05:12.240 [AWT-EventQueue-0] INFO  databaseAccess.DBConnection - DBConnection - connection closed
03:05:12.242 [AWT-EventQueue-0] INFO  databaseAccess.DBConnection - DBConnection - connection set
03:05:12.244 [AWT-EventQueue-0] INFO  databaseAccess.DBConnection - DBConnection - connection closed
03:05:13.653 [AWT-EventQueue-0] INFO  databaseAccess.DBConnection - DBConnection - connection set
03:05:13.654 [AWT-EventQueue-0] INFO  databaseAccess.DBConnection - DBConnection - connection closed
03:05:13.656 [AWT-EventQueue-0] INFO  databaseAccess.DBConnection - DBConnection - connection set
03:05:13.657 [AWT-EventQueue-0] INFO  databaseAccess.DBConnection - DBConnection - connection closed
03:05:13.658 [AWT-EventQueue-0] INFO  databaseAccess.DBConnection - DBConnection - connection set
03:05:13.659 [AWT-EventQueue-0] INFO  databaseAccess.DBConnection - DBConnection - connection closed
03:05:13.661 [AWT-EventQueue-0] INFO  databaseAccess.DBConnection - DBConnection - connection set
03:05:13.662 [AWT-EventQueue-0] INFO  databaseAccess.DBConnection - DBConnection - connection closed
03:07:45.099 [AWT-EventQueue-0] INFO  databaseAccess.DBConnection - DBConnection - connection set
03:07:45.112 [AWT-EventQueue-0] INFO  databaseAccess.DBConnection - DBConnection - connection closed
03:07:45.115 [AWT-EventQueue-0] INFO  databaseAccess.DBConnection - DBConnection - connection set
03:07:45.118 [AWT-EventQueue-0] INFO  databaseAccess.DBConnection - DBConnection - connection closed
03:07:45.120 [AWT-EventQueue-0] INFO  databaseAccess.DBConnection - DBConnection - connection set
03:07:45.124 [AWT-EventQueue-0] INFO  databaseAccess.DBConnection - DBConnection - connection closed
03:07:45.126 [AWT-EventQueue-0] INFO  databaseAccess.DBConnection - DBConnection - connection set
03:07:45.129 [AWT-EventQueue-0] INFO  databaseAccess.DBConnection - DBConnection - connection closed
03:07:45.138 [AWT-EventQueue-0] INFO  userUtilities.LocalUser - New user logged in.
User ID: 1
Username: demoUser
Accounts List size: 2
Goals List size: 0
History List size: 1
03:08:28.371 [AWT-EventQueue-0] INFO  databaseAccess.DBConnection - DBConnection - connection set
03:08:28.384 [AWT-EventQueue-0] INFO  databaseAccess.DBConnection - DBConnection - connection closed
03:08:28.386 [AWT-EventQueue-0] INFO  databaseAccess.DBConnection - DBConnection - connection set
03:08:28.387 [AWT-EventQueue-0] INFO  databaseAccess.DBConnection - DBConnection - connection closed
03:08:31.073 [AWT-EventQueue-0] INFO  databaseAccess.DBConnection - DBConnection - connection set
03:08:31.074 [AWT-EventQueue-0] INFO  databaseAccess.DBConnection - DBConnection - connection closed
03:08:31.076 [AWT-EventQueue-0] INFO  databaseAccess.DBConnection - DBConnection - connection set
03:08:31.077 [AWT-EventQueue-0] INFO  databaseAccess.DBConnection - DBConnection - connection closed
03:08:31.078 [AWT-EventQueue-0] INFO  databaseAccess.DBConnection - DBConnection - connection set
03:08:31.079 [AWT-EventQueue-0] INFO  databaseAccess.DBConnection - DBConnection - connection closed
03:08:31.080 [AWT-EventQueue-0] INFO  databaseAccess.DBConnection - DBConnection - connection set
03:08:31.081 [AWT-EventQueue-0] INFO  databaseAccess.DBConnection - DBConnection - connection closed
03:09:15.408 [AWT-EventQueue-0] INFO  databaseAccess.DBConnection - DBConnection - connection set
03:09:15.424 [AWT-EventQueue-0] INFO  databaseAccess.DBConnection - DBConnection - connection closed
03:09:15.428 [AWT-EventQueue-0] INFO  databaseAccess.DBConnection - DBConnection - connection set
03:09:15.431 [AWT-EventQueue-0] INFO  databaseAccess.DBConnection - DBConnection - connection closed
03:09:15.433 [AWT-EventQueue-0] INFO  databaseAccess.DBConnection - DBConnection - connection set
03:09:15.440 [AWT-EventQueue-0] INFO  databaseAccess.DBConnection - DBConnection - connection closed
03:09:15.444 [AWT-EventQueue-0] INFO  databaseAccess.DBConnection - DBConnection - connection set
03:09:15.448 [AWT-EventQueue-0] INFO  databaseAccess.DBConnection - DBConnection - connection closed
03:09:15.462 [AWT-EventQueue-0] INFO  userUtilities.LocalUser - New user logged in.
User ID: 1
Username: demoUser
Accounts List size: 2
Goals List size: 0
History List size: 1
03:09:44.385 [AWT-EventQueue-0] INFO  databaseAccess.DBConnection - DBConnection - connection set
03:09:44.398 [AWT-EventQueue-0] INFO  databaseAccess.DBConnection - DBConnection - connection closed
03:09:44.400 [AWT-EventQueue-0] INFO  databaseAccess.DBConnection - DBConnection - connection set
03:09:44.402 [AWT-EventQueue-0] INFO  databaseAccess.DBConnection - DBConnection - connection closed
03:09:46.920 [AWT-EventQueue-0] INFO  databaseAccess.DBConnection - DBConnection - connection set
03:09:46.921 [AWT-EventQueue-0] INFO  databaseAccess.DBConnection - DBConnection - connection closed
03:09:46.922 [AWT-EventQueue-0] INFO  databaseAccess.DBConnection - DBConnection - connection set
03:09:46.923 [AWT-EventQueue-0] INFO  databaseAccess.DBConnection - DBConnection - connection closed
03:09:46.924 [AWT-EventQueue-0] INFO  databaseAccess.DBConnection - DBConnection - connection set
03:09:46.925 [AWT-EventQueue-0] INFO  databaseAccess.DBConnection - DBConnection - connection closed
03:09:46.926 [AWT-EventQueue-0] INFO  databaseAccess.DBConnection - DBConnection - connection set
03:09:46.928 [AWT-EventQueue-0] INFO  databaseAccess.DBConnection - DBConnection - connection closed
03:10:30.353 [AWT-EventQueue-0] INFO  databaseAccess.DBConnection - DBConnection - connection set
03:10:30.359 [AWT-EventQueue-0] INFO  databaseAccess.DBConnection - DBConnection - connection closed
03:10:30.361 [AWT-EventQueue-0] INFO  databaseAccess.DBConnection - DBConnection - connection set
03:10:30.363 [AWT-EventQueue-0] INFO  databaseAccess.DBConnection - DBConnection - connection closed
03:10:31.838 [AWT-EventQueue-0] INFO  databaseAccess.DBConnection - DBConnection - connection set
03:10:31.839 [AWT-EventQueue-0] INFO  databaseAccess.DBConnection - DBConnection - connection closed
03:10:31.840 [AWT-EventQueue-0] INFO  databaseAccess.DBConnection - DBConnection - connection set
03:10:31.841 [AWT-EventQueue-0] INFO  databaseAccess.DBConnection - DBConnection - connection closed
03:10:31.842 [AWT-EventQueue-0] INFO  databaseAccess.DBConnection - DBConnection - connection set
03:10:31.843 [AWT-EventQueue-0] INFO  databaseAccess.DBConnection - DBConnection - connection closed
03:10:31.844 [AWT-EventQueue-0] INFO  databaseAccess.DBConnection - DBConnection - connection set
03:10:31.846 [AWT-EventQueue-0] INFO  databaseAccess.DBConnection - DBConnection - connection closed
03:13:34.841 [AWT-EventQueue-0] INFO  databaseAccess.DBConnection - DBConnection - connection set
03:13:34.850 [AWT-EventQueue-0] INFO  databaseAccess.DBConnection - DBConnection - connection closed
03:13:34.853 [AWT-EventQueue-0] INFO  databaseAccess.DBConnection - DBConnection - connection set
03:13:34.856 [AWT-EventQueue-0] INFO  databaseAccess.DBConnection - DBConnection - connection closed
03:13:34.857 [AWT-EventQueue-0] INFO  databaseAccess.DBConnection - DBConnection - connection set
03:13:34.859 [AWT-EventQueue-0] INFO  databaseAccess.DBConnection - DBConnection - connection closed
03:13:34.860 [AWT-EventQueue-0] INFO  databaseAccess.DBConnection - DBConnection - connection set
03:13:34.863 [AWT-EventQueue-0] INFO  databaseAccess.DBConnection - DBConnection - connection closed
03:13:34.871 [AWT-EventQueue-0] INFO  userUtilities.LocalUser - New user logged in.
User ID: 1
Username: demoUser
Accounts List size: 2
Goals List size: 1
History List size: 1
03:14:02.077 [AWT-EventQueue-0] INFO  databaseAccess.DBConnection - DBConnection - connection set
03:14:02.095 [AWT-EventQueue-0] INFO  databaseAccess.DBConnection - DBConnection - connection closed
03:14:02.097 [AWT-EventQueue-0] INFO  databaseAccess.DBConnection - DBConnection - connection set
03:14:02.098 [AWT-EventQueue-0] INFO  databaseAccess.DBConnection - DBConnection - connection closed
03:14:04.704 [AWT-EventQueue-0] INFO  databaseAccess.DBConnection - DBConnection - connection set
03:14:04.706 [AWT-EventQueue-0] INFO  databaseAccess.DBConnection - DBConnection - connection closed
03:14:04.707 [AWT-EventQueue-0] INFO  databaseAccess.DBConnection - DBConnection - connection set
03:14:04.708 [AWT-EventQueue-0] INFO  databaseAccess.DBConnection - DBConnection - connection closed
03:14:04.709 [AWT-EventQueue-0] INFO  databaseAccess.DBConnection - DBConnection - connection set
03:14:04.710 [AWT-EventQueue-0] INFO  databaseAccess.DBConnection - DBConnection - connection closed
03:14:04.711 [AWT-EventQueue-0] INFO  databaseAccess.DBConnection - DBConnection - connection set
03:14:04.712 [AWT-EventQueue-0] INFO  databaseAccess.DBConnection - DBConnection - connection closed
